,Type,Year,Age_group,Gender,Total
715,By Hanging,2012,30-44,Male,12310
705,By Hanging,2011,30-44,Male,11143
713,By Hanging,2012,15-29,Male,11015
695,By Hanging,2010,30-44,Male,10477
675,By Hanging,2008,30-44,Male,10218
655,By Hanging,2006,30-44,Male,9731
703,By Hanging,2011,15-29,Male,9678
685,By Hanging,2009,30-44,Male,9652
665,By Hanging,2007,30-44,Male,9646
693,By Hanging,2010,15-29,Male,9191
645,By Hanging,2005,30-44,Male,9131
635,By Hanging,2004,30-44,Male,8810
673,By Hanging,2008,15-29,Male,8800
683,By Hanging,2009,15-29,Male,8675
663,By Hanging,2007,15-29,Male,8354
717,By Hanging,2012,45-59,Male,8135
625,By Hanging,2003,30-44,Male,7874
615,By Hanging,2002,30-44,Male,7810
653,By Hanging,2006,15-29,Male,7731
712,By Hanging,2012,15-29,Female,7616
643,By Hanging,2005,15-29,Male,7487
707,By Hanging,2011,45-59,Male,7258
633,By Hanging,2004,15-29,Male,7228
605,By Hanging,2001,30-44,Male,7053
702,By Hanging,2011,15-29,Female,7017
623,By Hanging,2003,15-29,Male,6843
697,By Hanging,2010,45-59,Male,6659
692,By Hanging,2010,15-29,Female,6569
613,By Hanging,2002,15-29,Male,6487
652,By Hanging,2006,15-29,Female,6397
85,By Consuming Insecticides,2009,30-44,Male,6332
687,By Hanging,2009,45-59,Male,6271
672,By Hanging,2008,15-29,Female,6256
682,By Hanging,2009,15-29,Female,6253
667,By Hanging,2007,45-59,Male,6211
603,By Hanging,2001,15-29,Male,6097
662,By Hanging,2007,15-29,Female,6062
677,By Hanging,2008,45-59,Male,6004
95,By Consuming Insecticides,2010,30-44,Male,5928
657,By Hanging,2006,45-59,Male,5868
642,By Hanging,2005,15-29,Female,5793
647,By Hanging,2005,45-59,Male,5764
75,By Consuming Insecticides,2008,30-44,Male,5732
65,By Consuming Insecticides,2007,30-44,Male,5666
55,By Consuming Insecticides,2006,30-44,Male,5625
637,By Hanging,2004,45-59,Male,5560
632,By Hanging,2004,15-29,Female,5494
25,By Consuming Insecticides,2003,30-44,Male,5436
35,By Consuming Insecticides,2004,30-44,Male,5394
93,By Consuming Insecticides,2010,15-29,Male,5223
622,By Hanging,2003,15-29,Female,5104
45,By Consuming Insecticides,2005,30-44,Male,5058
627,By Hanging,2003,45-59,Male,5021
105,By Consuming Insecticides,2011,30-44,Male,4986
15,By Consuming Insecticides,2002,30-44,Male,4886
23,By Consuming Insecticides,2003,15-29,Male,4875
83,By Consuming Insecticides,2009,15-29,Male,4868
225,By Consuming Other Poison,2011,30-44,Male,4867
33,By Consuming Insecticides,2004,15-29,Male,4866
73,By Consuming Insecticides,2008,15-29,Male,4866
617,By Hanging,2002,45-59,Male,4795
612,By Hanging,2002,15-29,Female,4793
602,By Hanging,2001,15-29,Female,4682
63,By Consuming Insecticides,2007,15-29,Male,4665
53,By Consuming Insecticides,2006,15-29,Male,4646
103,By Consuming Insecticides,2011,15-29,Male,4638
125,By Consuming Other Poison,2001,30-44,Male,4621
714,By Hanging,2012,30-44,Female,4618
607,By Hanging,2001,45-59,Male,4558
5,By Consuming Insecticides,2001,30-44,Male,4556
115,By Consuming Insecticides,2012,30-44,Male,4550
43,By Consuming Insecticides,2005,15-29,Male,4500
13,By Consuming Insecticides,2002,15-29,Male,4463
235,By Consuming Other Poison,2012,30-44,Male,4406
704,By Hanging,2011,30-44,Female,4386
195,By Consuming Other Poison,2008,30-44,Male,4362
135,By Consuming Other Poison,2002,30-44,Male,4337
175,By Consuming Other Poison,2006,30-44,Male,4323
3,By Consuming Insecticides,2001,15-29,Male,4268
87,By Consuming Insecticides,2009,45-59,Male,4257
185,By Consuming Other Poison,2007,30-44,Male,4246
145,By Consuming Other Poison,2003,30-44,Male,4181
215,By Consuming Other Poison,2010,30-44,Male,4178
165,By Consuming Other Poison,2005,30-44,Male,4177
155,By Consuming Other Poison,2004,30-44,Male,4173
97,By Consuming Insecticides,2010,45-59,Male,4139
674,By Hanging,2008,30-44,Female,4091
173,By Consuming Other Poison,2006,15-29,Male,4079
1315,By Other means (please specify),2012,30-44,Male,4064
694,By Hanging,2010,30-44,Female,4006
113,By Consuming Insecticides,2012,15-29,Male,4005
223,By Consuming Other Poison,2011,15-29,Male,4001
62,By Consuming Insecticides,2007,15-29,Female,3961
92,By Consuming Insecticides,2010,15-29,Female,3960
684,By Hanging,2009,30-44,Female,3960
1305,By Other means (please specify),2011,30-44,Male,3952
654,By Hanging,2006,30-44,Female,3948
664,By Hanging,2007,30-44,Female,3911
123,By Consuming Other Poison,2001,15-29,Male,3896
205,By Consuming Other Poison,2009,30-44,Male,3892
82,By Consuming Insecticides,2009,15-29,Female,3892
193,By Consuming Other Poison,2008,15-29,Male,3857
32,By Consuming Insecticides,2004,15-29,Female,3854
163,By Consuming Other Poison,2005,15-29,Male,3816
572,By Fire/Self Immolation,2010,15-29,Female,3806
133,By Consuming Other Poison,2002,15-29,Male,3770
143,By Consuming Other Poison,2003,15-29,Male,3755
72,By Consuming Insecticides,2008,15-29,Female,3754
67,By Consuming Insecticides,2007,45-59,Male,3753
2,By Consuming Insecticides,2001,15-29,Female,3725
582,By Fire/Self Immolation,2011,15-29,Female,3720
482,By Fire/Self Immolation,2001,15-29,Female,3704
77,By Consuming Insecticides,2008,45-59,Male,3704
562,By Fire/Self Immolation,2009,15-29,Female,3695
183,By Consuming Other Poison,2007,15-29,Male,3689
153,By Consuming Other Poison,2004,15-29,Male,3689
552,By Fire/Self Immolation,2008,15-29,Female,3644
12,By Consuming Insecticides,2002,15-29,Female,3595
102,By Consuming Insecticides,2011,15-29,Female,3584
213,By Consuming Other Poison,2010,15-29,Male,3568
634,By Hanging,2004,30-44,Female,3567
57,By Consuming Insecticides,2006,45-59,Male,3561
22,By Consuming Insecticides,2003,15-29,Female,3549
42,By Consuming Insecticides,2005,15-29,Female,3529
644,By Hanging,2005,30-44,Female,3522
542,By Fire/Self Immolation,2007,15-29,Female,3514
492,By Fire/Self Immolation,2002,15-29,Female,3514
52,By Consuming Insecticides,2006,15-29,Female,3500
47,By Consuming Insecticides,2005,45-59,Male,3467
532,By Fire/Self Immolation,2006,15-29,Female,3441
37,By Consuming Insecticides,2004,45-59,Male,3431
592,By Fire/Self Immolation,2012,15-29,Female,3411
27,By Consuming Insecticides,2003,45-59,Male,3363
122,By Consuming Other Poison,2001,15-29,Female,3361
1295,By Other means (please specify),2010,30-44,Male,3355
502,By Fire/Self Immolation,2003,15-29,Female,3352
222,By Consuming Other Poison,2011,15-29,Female,3341
233,By Consuming Other Poison,2012,15-29,Male,3331
107,By Consuming Insecticides,2011,45-59,Male,3316
227,By Consuming Other Poison,2011,45-59,Male,3294
132,By Consuming Other Poison,2002,15-29,Female,3279
117,By Consuming Insecticides,2012,45-59,Male,3261
217,By Consuming Other Poison,2010,45-59,Male,3234
1303,By Other means (please specify),2011,15-29,Male,3201
7,By Consuming Insecticides,2001,45-59,Male,3200
203,By Consuming Other Poison,2009,15-29,Male,3197
112,By Consuming Insecticides,2012,15-29,Female,3163
624,By Hanging,2003,30-44,Female,3157
604,By Hanging,2001,30-44,Female,3107
237,By Consuming Other Poison,2012,45-59,Male,3100
147,By Consuming Other Poison,2003,45-59,Male,3089
192,By Consuming Other Poison,2008,15-29,Female,3066
614,By Hanging,2002,30-44,Female,3060
197,By Consuming Other Poison,2008,45-59,Male,3056
187,By Consuming Other Poison,2007,45-59,Male,3035
152,By Consuming Other Poison,2004,15-29,Female,3027
17,By Consuming Insecticides,2002,45-59,Male,3026
137,By Consuming Other Poison,2002,45-59,Male,3006
232,By Consuming Other Poison,2012,15-29,Female,2990
162,By Consuming Other Poison,2005,15-29,Female,2981
142,By Consuming Other Poison,2003,15-29,Female,2968
1275,By Other means (please specify),2008,30-44,Male,2954
1285,By Other means (please specify),2009,30-44,Male,2951
167,By Consuming Other Poison,2005,45-59,Male,2922
172,By Consuming Other Poison,2006,15-29,Female,2896
522,By Fire/Self Immolation,2005,15-29,Female,2892
127,By Consuming Other Poison,2001,45-59,Male,2892
512,By Fire/Self Immolation,2004,15-29,Female,2882
157,By Consuming Other Poison,2004,45-59,Male,2878
1293,By Other means (please specify),2010,15-29,Male,2863
202,By Consuming Other Poison,2009,15-29,Female,2826
212,By Consuming Other Poison,2010,15-29,Female,2818
719,By Hanging,2012,60+,Male,2788
1317,By Other means (please specify),2012,45-59,Male,2771
1297,By Other means (please specify),2010,45-59,Male,2768
1307,By Other means (please specify),2011,45-59,Male,2735
177,By Consuming Other Poison,2006,45-59,Male,2725
1287,By Other means (please specify),2009,45-59,Male,2722
84,By Consuming Insecticides,2009,30-44,Female,2684
224,By Consuming Other Poison,2011,30-44,Female,2674
182,By Consuming Other Poison,2007,15-29,Female,2659
207,By Consuming Other Poison,2009,45-59,Male,2609
94,By Consuming Insecticides,2010,30-44,Female,2598
74,By Consuming Insecticides,2008,30-44,Female,2572
4,By Consuming Insecticides,2001,30-44,Female,2541
1313,By Other means (please specify),2012,15-29,Male,2537
1265,By Other means (please specify),2007,30-44,Male,2503
564,By Fire/Self Immolation,2009,30-44,Female,2489
194,By Consuming Other Poison,2008,30-44,Female,2422
124,By Consuming Other Poison,2001,30-44,Female,2397
1245,By Other means (please specify),2005,30-44,Male,2368
1235,By Other means (please specify),2004,30-44,Male,2364
574,By Fire/Self Immolation,2010,30-44,Female,2362
44,By Consuming Insecticides,2005,30-44,Female,2347
584,By Fire/Self Immolation,2011,30-44,Female,2343
14,By Consuming Insecticides,2002,30-44,Female,2328
594,By Fire/Self Immolation,2012,30-44,Female,2323
34,By Consuming Insecticides,2004,30-44,Female,2322
64,By Consuming Insecticides,2007,30-44,Female,2322
24,By Consuming Insecticides,2003,30-44,Female,2317
144,By Consuming Other Poison,2003,30-44,Female,2292
709,By Hanging,2011,60+,Male,2289
699,By Hanging,2010,60+,Male,2286
484,By Fire/Self Immolation,2001,30-44,Female,2277
54,By Consuming Insecticides,2006,30-44,Female,2276
234,By Consuming Other Poison,2012,30-44,Female,2256
494,By Fire/Self Immolation,2002,30-44,Female,2218
1277,By Other means (please specify),2008,45-59,Male,2215
1283,By Other means (please specify),2009,15-29,Male,2213
214,By Consuming Other Poison,2010,30-44,Female,2190
689,By Hanging,2009,60+,Male,2168
1263,By Other means (please specify),2007,15-29,Male,2142
184,By Consuming Other Poison,2007,30-44,Female,2141
134,By Consuming Other Poison,2002,30-44,Female,2139
544,By Fire/Self Immolation,2007,30-44,Female,2125
1273,By Other means (please specify),2008,15-29,Male,2124
504,By Fire/Self Immolation,2003,30-44,Female,2123
1267,By Other means (please specify),2007,45-59,Male,2123
649,By Hanging,2005,60+,Male,2118
554,By Fire/Self Immolation,2008,30-44,Female,2118
716,By Hanging,2012,45-59,Female,2110
639,By Hanging,2004,60+,Male,2103
154,By Consuming Other Poison,2004,30-44,Female,2102
104,By Consuming Insecticides,2011,30-44,Female,2101
534,By Fire/Self Immolation,2006,30-44,Female,2088
1205,By Other means,2002,30-44,Male,2087
164,By Consuming Other Poison,2005,30-44,Female,2039
1255,By Other means (please specify),2006,30-44,Male,2026
659,By Hanging,2006,60+,Male,2023
669,By Hanging,2007,60+,Male,2014
679,By Hanging,2008,60+,Male,2012
174,By Consuming Other Poison,2006,30-44,Female,2004
114,By Consuming Insecticides,2012,30-44,Female,1997
1237,By Other means (please specify),2004,45-59,Male,1995
629,By Hanging,2003,60+,Male,1969
204,By Consuming Other Poison,2009,30-44,Female,1942
656,By Hanging,2006,45-59,Female,1915
619,By Hanging,2002,60+,Male,1912
1243,By Other means (please specify),2005,15-29,Male,1911
315,By Drowning,2008,30-44,Male,1904
706,By Hanging,2011,45-59,Female,1903
305,By Drowning,2007,30-44,Male,1880
524,By Fire/Self Immolation,2005,30-44,Female,1870
514,By Fire/Self Immolation,2004,30-44,Female,1834
295,By Drowning,2006,30-44,Male,1832
1233,By Other means (please specify),2004,15-29,Male,1821
1247,By Other means (please specify),2005,45-59,Male,1806
686,By Hanging,2009,45-59,Female,1797
1253,By Other means (please specify),2006,15-29,Male,1782
696,By Hanging,2010,45-59,Female,1754
676,By Hanging,2008,45-59,Female,1735
1292,By Other means (please specify),2010,15-29,Female,1726
1314,By Other means (please specify),2012,30-44,Female,1714
265,By Drowning,2003,30-44,Male,1708
595,By Fire/Self Immolation,2012,30-44,Male,1702
575,By Fire/Self Immolation,2010,30-44,Male,1693
609,By Hanging,2001,60+,Male,1684
1304,By Other means (please specify),2011,30-44,Female,1673
1225,By Other means (please specify),2003,30-44,Male,1665
345,By Drowning,2011,30-44,Male,1660
325,By Drowning,2009,30-44,Male,1652
355,By Drowning,2012,30-44,Male,1645
565,By Fire/Self Immolation,2009,30-44,Male,1637
335,By Drowning,2010,30-44,Male,1636
245,By Drowning,2001,30-44,Male,1630
69,By Consuming Insecticides,2007,60+,Male,1625
585,By Fire/Self Immolation,2011,30-44,Male,1619
666,By Hanging,2007,45-59,Female,1616
555,By Fire/Self Immolation,2008,30-44,Male,1604
1203,By Other means,2002,15-29,Male,1601
646,By Hanging,2005,45-59,Female,1590
1785,By coming under running vehicles/trains,2011,30-44,Male,1588
626,By Hanging,2003,45-59,Female,1582
333,By Drowning,2010,15-29,Male,1575
285,By Drowning,2005,30-44,Male,1575
89,By Consuming Insecticides,2009,60+,Male,1572
242,By Drowning,2001,15-29,Female,1533
293,By Drowning,2006,15-29,Male,1528
263,By Drowning,2003,15-29,Male,1528
1294,By Other means (please specify),2010,30-44,Female,1520
313,By Drowning,2008,15-29,Male,1515
343,By Drowning,2011,15-29,Male,1510
636,By Hanging,2004,45-59,Female,1503
1302,By Other means (please specify),2011,15-29,Female,1501
1312,By Other means (please specify),2012,15-29,Female,1499
255,By Drowning,2002,30-44,Male,1488
323,By Drowning,2009,15-29,Male,1478
1257,By Other means (please specify),2006,45-59,Male,1478
606,By Hanging,2001,45-59,Female,1476
1272,By Other means (please specify),2008,15-29,Female,1471
1282,By Other means (please specify),2009,15-29,Female,1462
275,By Drowning,2004,30-44,Male,1460
353,By Drowning,2012,15-29,Male,1459
1223,By Other means (please specify),2003,15-29,Male,1442
1262,By Other means (please specify),2007,15-29,Female,1440
1299,By Other means (please specify),2010,60+,Male,1434
303,By Drowning,2007,15-29,Male,1430
1207,By Other means,2002,45-59,Male,1428
535,By Fire/Self Immolation,2006,30-44,Male,1425
1215,By Other means (please specify),2001,30-44,Male,1408
86,By Consuming Insecticides,2009,45-59,Female,1406
109,By Consuming Insecticides,2011,60+,Male,1402
253,By Drowning,2002,15-29,Male,1397
252,By Drowning,2002,15-29,Female,1387
1227,By Other means (please specify),2003,45-59,Male,1382
1232,By Other means (please specify),2004,15-29,Female,1381
545,By Fire/Self Immolation,2007,30-44,Male,1378
59,By Consuming Insecticides,2006,60+,Male,1373
616,By Hanging,2002,45-59,Female,1370
485,By Fire/Self Immolation,2001,30-44,Male,1369
229,By Consuming Other Poison,2011,60+,Male,1367
1745,By coming under running vehicles/trains,2007,30-44,Male,1362
243,By Drowning,2001,15-29,Male,1361
1213,By Other means (please specify),2001,15-29,Male,1357
505,By Fire/Self Immolation,2003,30-44,Male,1354
583,By Fire/Self Immolation,2011,15-29,Male,1351
1284,By Other means (please specify),2009,30-44,Female,1341
219,By Consuming Other Poison,2010,60+,Male,1341
1289,By Other means (please specify),2009,60+,Male,1334
282,By Drowning,2005,15-29,Female,1332
262,By Drowning,2003,15-29,Female,1332
292,By Drowning,2006,15-29,Female,1330
39,By Consuming Insecticides,2004,60+,Male,1329
239,By Consuming Other Poison,2012,60+,Male,1314
49,By Consuming Insecticides,2005,60+,Male,1313
99,By Consuming Insecticides,2010,60+,Male,1309
495,By Fire/Self Immolation,2002,30-44,Male,1305
79,By Consuming Insecticides,2008,60+,Male,1305
342,By Drowning,2011,15-29,Female,1297
26,By Consuming Insecticides,2003,45-59,Female,1290
149,By Consuming Other Poison,2003,60+,Male,1277
573,By Fire/Self Immolation,2010,15-29,Male,1274
236,By Consuming Other Poison,2012,45-59,Female,1271
1319,By Other means (please specify),2012,60+,Male,1264
332,By Drowning,2010,15-29,Female,1257
29,By Consuming Insecticides,2003,60+,Male,1256
283,By Drowning,2005,15-29,Male,1252
273,By Drowning,2004,15-29,Male,1247
503,By Fire/Self Immolation,2003,15-29,Male,1244
226,By Consuming Other Poison,2011,45-59,Female,1237
119,By Consuming Insecticides,2012,60+,Male,1235
66,By Consuming Insecticides,2007,45-59,Female,1234
46,By Consuming Insecticides,2005,45-59,Female,1230
312,By Drowning,2008,15-29,Female,1227
1217,By Other means (please specify),2001,45-59,Male,1225
1795,By coming under running vehicles/trains,2012,30-44,Male,1221
307,By Drowning,2007,45-59,Male,1208
1274,By Other means (please specify),2008,30-44,Female,1208
166,By Consuming Other Poison,2005,45-59,Female,1208
9,By Consuming Insecticides,2001,60+,Male,1207
553,By Fire/Self Immolation,2008,15-29,Male,1201
302,By Drowning,2007,15-29,Female,1190
146,By Consuming Other Poison,2003,45-59,Female,1185
593,By Fire/Self Immolation,2012,15-29,Male,1182
216,By Consuming Other Poison,2010,45-59,Female,1177
159,By Consuming Other Poison,2004,60+,Male,1171
1252,By Other means (please specify),2006,15-29,Female,1167
1695,By coming under running vehicles/trains,2002,30-44,Male,1167
139,By Consuming Other Poison,2002,60+,Male,1166
1775,By coming under running vehicles/trains,2010,30-44,Male,1161
96,By Consuming Insecticides,2010,45-59,Female,1159
1316,By Other means (please specify),2012,45-59,Female,1156
1264,By Other means (please specify),2007,30-44,Female,1153
525,By Fire/Self Immolation,2005,30-44,Male,1152
493,By Fire/Self Immolation,2002,15-29,Male,1152
563,By Fire/Self Immolation,2009,15-29,Male,1151
156,By Consuming Other Poison,2004,45-59,Female,1149
126,By Consuming Other Poison,2001,45-59,Female,1149
1242,By Other means (please specify),2005,15-29,Female,1148
272,By Drowning,2004,15-29,Female,1148
36,By Consuming Insecticides,2004,45-59,Female,1142
297,By Drowning,2006,45-59,Male,1139
19,By Consuming Insecticides,2002,60+,Male,1136
1793,By coming under running vehicles/trains,2012,15-29,Male,1126
1306,By Other means (please specify),2011,45-59,Female,1124
76,By Consuming Insecticides,2008,45-59,Female,1121
1204,By Other means,2002,30-44,Female,1121
337,By Drowning,2010,45-59,Male,1118
186,By Consuming Other Poison,2007,45-59,Female,1116
196,By Consuming Other Poison,2008,45-59,Female,1112
352,By Drowning,2012,15-29,Female,1112
1222,By Other means (please specify),2003,15-29,Female,1108
357,By Drowning,2012,45-59,Male,1108
136,By Consuming Other Poison,2002,45-59,Female,1104
16,By Consuming Insecticides,2002,45-59,Female,1101
169,By Consuming Other Poison,2005,60+,Male,1100
6,By Consuming Insecticides,2001,45-59,Female,1100
1735,By coming under running vehicles/trains,2006,30-44,Male,1095
1685,By coming under running vehicles/trains,2001,30-44,Male,1093
317,By Drowning,2008,45-59,Male,1075
483,By Fire/Self Immolation,2001,15-29,Male,1074
1309,By Other means (please specify),2011,60+,Male,1072
1234,By Other means (please specify),2004,30-44,Female,1072
254,By Drowning,2002,30-44,Female,1071
56,By Consuming Insecticides,2006,45-59,Female,1060
347,By Drowning,2011,45-59,Male,1055
1202,By Other means,2002,15-29,Female,1053
515,By Fire/Self Immolation,2004,30-44,Male,1050
1279,By Other means (please specify),2008,60+,Male,1046
257,By Drowning,2002,45-59,Male,1040
1765,By coming under running vehicles/trains,2009,30-44,Male,1035
322,By Drowning,2009,15-29,Female,1032
1296,By Other means (please specify),2010,45-59,Female,1032
116,By Consuming Insecticides,2012,45-59,Female,1026
106,By Consuming Insecticides,2011,45-59,Female,1021
1212,By Other means (please specify),2001,15-29,Female,1010
543,By Fire/Self Immolation,2007,15-29,Male,1009
176,By Consuming Other Poison,2006,45-59,Female,1009
1743,By coming under running vehicles/trains,2007,15-29,Male,1001
189,By Consuming Other Poison,2007,60+,Male,999
287,By Drowning,2005,45-59,Male,998
1783,By coming under running vehicles/trains,2011,15-29,Male,989
1773,By coming under running vehicles/trains,2010,15-29,Male,989
179,By Consuming Other Poison,2006,60+,Male,988
294,By Drowning,2006,30-44,Female,980
566,By Fire/Self Immolation,2009,45-59,Female,978
1755,By coming under running vehicles/trains,2008,30-44,Male,977
314,By Drowning,2008,30-44,Female,968
244,By Drowning,2001,30-44,Female,962
206,By Consuming Other Poison,2009,45-59,Female,960
264,By Drowning,2003,30-44,Female,959
533,By Fire/Self Immolation,2006,15-29,Male,959
1254,By Other means (please specify),2006,30-44,Female,955
247,By Drowning,2001,45-59,Male,954
327,By Drowning,2009,45-59,Male,948
129,By Consuming Other Poison,2001,60+,Male,945
1214,By Other means (please specify),2001,30-44,Female,944
587,By Fire/Self Immolation,2011,45-59,Male,943
596,By Fire/Self Immolation,2012,45-59,Female,937
284,By Drowning,2005,30-44,Female,937
1715,By coming under running vehicles/trains,2004,30-44,Male,930
1269,By Other means (please specify),2007,60+,Male,929
324,By Drowning,2009,30-44,Female,928
199,By Consuming Other Poison,2008,60+,Male,927
576,By Fire/Self Immolation,2010,45-59,Female,926
334,By Drowning,2010,30-44,Female,914
267,By Drowning,2003,45-59,Male,909
586,By Fire/Self Immolation,2011,45-59,Female,905
1787,By coming under running vehicles/trains,2011,45-59,Male,905
274,By Drowning,2004,30-44,Female,905
304,By Drowning,2007,30-44,Female,905
1286,By Other means (please specify),2009,45-59,Female,904
1239,By Other means (please specify),2004,60+,Male,893
506,By Fire/Self Immolation,2003,45-59,Female,883
1693,By coming under running vehicles/trains,2002,15-29,Male,881
277,By Drowning,2004,45-59,Male,880
1244,By Other means (please specify),2005,30-44,Female,880
1705,By coming under running vehicles/trains,2003,30-44,Male,878
354,By Drowning,2012,30-44,Female,877
557,By Fire/Self Immolation,2008,45-59,Male,875
513,By Fire/Self Immolation,2004,15-29,Male,872
1747,By coming under running vehicles/trains,2007,45-59,Male,862
496,By Fire/Self Immolation,2002,45-59,Female,860
523,By Fire/Self Immolation,2005,15-29,Male,858
597,By Fire/Self Immolation,2012,45-59,Male,851
1797,By coming under running vehicles/trains,2012,45-59,Male,850
526,By Fire/Self Immolation,2005,45-59,Female,847
1757,By coming under running vehicles/trains,2008,45-59,Male,843
344,By Drowning,2011,30-44,Female,842
1733,By coming under running vehicles/trains,2006,15-29,Male,836
536,By Fire/Self Immolation,2006,45-59,Female,827
1266,By Other means (please specify),2007,45-59,Female,827
567,By Fire/Self Immolation,2009,45-59,Male,825
1224,By Other means (please specify),2003,30-44,Female,822
1276,By Other means (please specify),2008,45-59,Female,818
1753,By coming under running vehicles/trains,2008,15-29,Male,804
486,By Fire/Self Immolation,2001,45-59,Female,803
1777,By coming under running vehicles/trains,2010,45-59,Male,801
577,By Fire/Self Immolation,2010,45-59,Male,801
1249,By Other means (please specify),2005,60+,Male,795
1725,By coming under running vehicles/trains,2005,30-44,Male,785
1737,By coming under running vehicles/trains,2006,45-59,Male,780
547,By Fire/Self Immolation,2007,45-59,Male,777
209,By Consuming Other Poison,2009,60+,Male,777
1723,By coming under running vehicles/trains,2005,15-29,Male,777
497,By Fire/Self Immolation,2002,45-59,Male,773
1259,By Other means (please specify),2006,60+,Male,770
1703,By coming under running vehicles/trains,2003,15-29,Male,770
537,By Fire/Self Immolation,2006,45-59,Male,766
1763,By coming under running vehicles/trains,2009,15-29,Male,765
556,By Fire/Self Immolation,2008,45-59,Female,765
546,By Fire/Self Immolation,2007,45-59,Female,756
516,By Fire/Self Immolation,2004,45-59,Female,739
1236,By Other means (please specify),2004,45-59,Female,729
1246,By Other means (please specify),2005,45-59,Female,714
487,By Fire/Self Immolation,2001,45-59,Male,708
708,By Hanging,2011,60+,Female,707
718,By Hanging,2012,60+,Female,699
1683,By coming under running vehicles/trains,2001,15-29,Male,684
1229,By Other means (please specify),2003,60+,Male,683
507,By Fire/Self Immolation,2003,45-59,Male,682
1216,By Other means (please specify),2001,45-59,Female,670
1697,By coming under running vehicles/trains,2002,45-59,Male,669
1713,By coming under running vehicles/trains,2004,15-29,Male,661
1318,By Other means (please specify),2012,60+,Female,658
1687,By coming under running vehicles/trains,2001,45-59,Male,647
1767,By coming under running vehicles/trains,2009,45-59,Male,642
698,By Hanging,2010,60+,Female,634
517,By Fire/Self Immolation,2004,45-59,Male,628
1308,By Other means (please specify),2011,60+,Female,612
638,By Hanging,2004,60+,Female,600
1256,By Other means (please specify),2006,45-59,Female,596
688,By Hanging,2009,60+,Female,591
1395,By Over Alcoholism,2008,30-44,Male,587
1405,By Over Alcoholism,2009,30-44,Male,582
527,By Fire/Self Immolation,2005,45-59,Male,581
648,By Hanging,2005,60+,Female,579
1717,By coming under running vehicles/trains,2004,45-59,Male,578
658,By Hanging,2006,60+,Female,574
1301,By Other means (please specify),2011,0-14,Male,571
1727,By coming under running vehicles/trains,2005,45-59,Male,569
1435,By Over Alcoholism,2012,30-44,Male,567
1209,By Other means,2002,60+,Male,566
256,By Drowning,2002,45-59,Female,560
618,By Hanging,2002,60+,Female,558
88,By Consuming Insecticides,2009,60+,Female,555
678,By Hanging,2008,60+,Female,554
349,By Drowning,2011,60+,Male,554
336,By Drowning,2010,45-59,Female,553
1375,By Over Alcoholism,2006,30-44,Male,552
1425,By Over Alcoholism,2011,30-44,Male,547
608,By Hanging,2001,60+,Female,541
359,By Drowning,2012,60+,Male,535
1385,By Over Alcoholism,2007,30-44,Male,528
306,By Drowning,2007,45-59,Female,525
339,By Drowning,2010,60+,Male,525
1219,By Other means (please specify),2001,60+,Male,524
299,By Drowning,2006,60+,Male,521
48,By Consuming Insecticides,2005,60+,Female,518
326,By Drowning,2009,45-59,Female,516
319,By Drowning,2008,60+,Male,515
289,By Drowning,2005,60+,Male,514
38,By Consuming Insecticides,2004,60+,Female,510
246,By Drowning,2001,45-59,Female,509
1415,By Over Alcoholism,2010,30-44,Male,506
598,By Fire/Self Immolation,2012,60+,Female,502
1298,By Other means (please specify),2010,60+,Female,501
259,By Drowning,2002,60+,Male,500
628,By Hanging,2003,60+,Female,498
668,By Hanging,2007,60+,Female,497
1707,By coming under running vehicles/trains,2003,45-59,Male,497
296,By Drowning,2006,45-59,Female,495
68,By Consuming Insecticides,2007,60+,Female,494
78,By Consuming Insecticides,2008,60+,Female,492
1206,By Other means,2002,45-59,Female,492
98,By Consuming Insecticides,2010,60+,Female,486
58,By Consuming Insecticides,2006,60+,Female,485
309,By Drowning,2007,60+,Male,485
1335,By Over Alcoholism,2002,30-44,Male,484
218,By Consuming Other Poison,2010,60+,Female,482
1288,By Other means (please specify),2009,60+,Female,482
286,By Drowning,2005,45-59,Female,480
578,By Fire/Self Immolation,2010,60+,Female,478
276,By Drowning,2004,45-59,Female,477
1281,By Other means (please specify),2009,0-14,Male,474
249,By Drowning,2001,60+,Male,473
316,By Drowning,2008,45-59,Female,470
346,By Drowning,2011,45-59,Female,470
168,By Consuming Other Poison,2005,60+,Female,470
1407,By Over Alcoholism,2009,45-59,Male,467
356,By Drowning,2012,45-59,Female,460
1325,By Over Alcoholism,2001,30-44,Male,459
588,By Fire/Self Immolation,2011,60+,Female,458
1226,By Other means (please specify),2003,45-59,Female,457
28,By Consuming Insecticides,2003,60+,Female,455
148,By Consuming Other Poison,2003,60+,Female,453
329,By Drowning,2009,60+,Male,452
238,By Consuming Other Poison,2012,60+,Female,443
1291,By Other means (please specify),2010,0-14,Male,440
1387,By Over Alcoholism,2007,45-59,Male,432
18,By Consuming Insecticides,2002,60+,Female,429
269,By Drowning,2003,60+,Male,425
1345,By Over Alcoholism,2003,30-44,Male,425
1437,By Over Alcoholism,2012,45-59,Male,420
1337,By Over Alcoholism,2002,45-59,Male,420
1355,By Over Alcoholism,2004,30-44,Male,419
228,By Consuming Other Poison,2011,60+,Female,419
118,By Consuming Insecticides,2012,60+,Female,408
1365,By Over Alcoholism,2005,30-44,Male,402
1427,By Over Alcoholism,2011,45-59,Male,400
1784,By coming under running vehicles/trains,2011,30-44,Female,398
568,By Fire/Self Immolation,2009,60+,Female,398
1417,By Over Alcoholism,2010,45-59,Male,392
1782,By coming under running vehicles/trains,2011,15-29,Female,390
548,By Fire/Self Immolation,2007,60+,Female,389
710,By Hanging,2012,0-14,Female,388
1268,By Other means (please specify),2007,60+,Female,385
1397,By Over Alcoholism,2008,45-59,Male,385
338,By Drowning,2010,60+,Female,383
711,By Hanging,2012,0-14,Male,383
266,By Drowning,2003,45-59,Female,380
8,By Consuming Insecticides,2001,60+,Female,380
108,By Consuming Insecticides,2011,60+,Female,376
691,By Hanging,2010,0-14,Male,375
138,By Consuming Other Poison,2002,60+,Female,375
528,By Fire/Self Immolation,2005,60+,Female,372
1231,By Other means (please specify),2004,0-14,Male,371
188,By Consuming Other Poison,2007,60+,Female,371
298,By Drowning,2006,60+,Female,364
1762,By coming under running vehicles/trains,2009,15-29,Female,363
1280,By Other means (please specify),2009,0-14,Female,362
558,By Fire/Self Immolation,2008,60+,Female,362
488,By Fire/Self Immolation,2001,60+,Female,361
1045,By Jumping off Moving Vehicles/Trains,2009,30-44,Male,361
158,By Consuming Other Poison,2004,60+,Female,360
198,By Consuming Other Poison,2008,60+,Female,358
1357,By Over Alcoholism,2004,45-59,Male,357
1377,By Over Alcoholism,2006,45-59,Male,357
1327,By Over Alcoholism,2001,45-59,Male,355
248,By Drowning,2001,60+,Female,353
1200,By Other means,2002,0-14,Female,352
1218,By Other means (please specify),2001,60+,Female,351
279,By Drowning,2004,60+,Male,351
208,By Consuming Other Poison,2009,60+,Female,346
128,By Consuming Other Poison,2001,60+,Female,346
258,By Drowning,2002,60+,Female,346
1799,By coming under running vehicles/trains,2012,60+,Male,346
278,By Drowning,2004,60+,Female,344
538,By Fire/Self Immolation,2006,60+,Female,342
1278,By Other means (please specify),2008,60+,Female,342
1682,By coming under running vehicles/trains,2001,15-29,Female,340
1290,By Other means (please specify),2010,0-14,Female,340
1789,By coming under running vehicles/trains,2011,60+,Male,338
700,By Hanging,2011,0-14,Female,335
498,By Fire/Self Immolation,2002,60+,Female,333
1311,By Other means (please specify),2012,0-14,Male,331
1347,By Over Alcoholism,2003,45-59,Male,330
1779,By coming under running vehicles/trains,2010,60+,Male,329
610,By Hanging,2002,0-14,Female,328
1772,By coming under running vehicles/trains,2010,15-29,Female,327
1749,By coming under running vehicles/trains,2007,60+,Male,327
680,By Hanging,2009,0-14,Female,326
1742,By coming under running vehicles/trains,2007,15-29,Female,326
1752,By coming under running vehicles/trains,2008,15-29,Female,325
1367,By Over Alcoholism,2005,45-59,Male,324
508,By Fire/Self Immolation,2003,60+,Female,324
1238,By Other means (please specify),2004,60+,Female,324
1300,By Other means (please specify),2011,0-14,Female,324
268,By Drowning,2003,60+,Female,320
631,By Hanging,2004,0-14,Male,319
328,By Drowning,2009,60+,Female,319
1845,By touching electric wires,2005,30-44,Male,318
178,By Consuming Other Poison,2006,60+,Female,315
630,By Hanging,2004,0-14,Female,315
599,By Fire/Self Immolation,2012,60+,Male,315
690,By Hanging,2010,0-14,Female,315
681,By Hanging,2009,0-14,Male,313
288,By Drowning,2005,60+,Female,313
569,By Fire/Self Immolation,2009,60+,Male,308
1835,By touching electric wires,2004,30-44,Male,307
1413,By Over Alcoholism,2010,15-29,Male,307
785,By Jumping from (Building),2007,30-44,Male,306
318,By Drowning,2008,60+,Female,306
308,By Drowning,2007,60+,Female,303
1248,By Other means (please specify),2005,60+,Female,302
1875,By touching electric wires,2008,30-44,Male,302
1895,By touching electric wires,2010,30-44,Male,302
670,By Hanging,2008,0-14,Female,300
589,By Fire/Self Immolation,2011,60+,Male,299
701,By Hanging,2011,0-14,Male,299
671,By Hanging,2008,0-14,Male,298
0,By Consuming Insecticides,2001,0-14,Female,297
358,By Drowning,2012,60+,Female,296
1739,By coming under running vehicles/trains,2006,60+,Male,294
518,By Fire/Self Immolation,2004,60+,Female,293
1893,By touching electric wires,2010,15-29,Male,291
579,By Fire/Self Immolation,2010,60+,Male,290
1885,By touching electric wires,2009,30-44,Male,289
1873,By touching electric wires,2008,15-29,Male,289
640,By Hanging,2005,0-14,Female,289
925,By Jumping from (Other sites),2009,30-44,Male,289
331,By Drowning,2010,0-14,Male,288
348,By Drowning,2011,60+,Female,287
641,By Hanging,2005,0-14,Male,286
1258,By Other means (please specify),2006,60+,Female,285
1699,By coming under running vehicles/trains,2002,60+,Male,285
1403,By Over Alcoholism,2009,15-29,Male,285
661,By Hanging,2007,0-14,Male,284
1774,By coming under running vehicles/trains,2010,30-44,Female,283
1228,By Other means (please specify),2003,60+,Female,283
600,By Hanging,2001,0-14,Female,283
1208,By Other means,2002,60+,Female,281
1792,By coming under running vehicles/trains,2012,15-29,Female,281
1883,By touching electric wires,2009,15-29,Male,280
1692,By coming under running vehicles/trains,2002,15-29,Female,277
241,By Drowning,2001,0-14,Male,277
1732,By coming under running vehicles/trains,2006,15-29,Female,276
601,By Hanging,2001,0-14,Male,276
1833,By touching electric wires,2004,15-29,Male,276
499,By Fire/Self Immolation,2002,60+,Male,274
1744,By coming under running vehicles/trains,2007,30-44,Female,273
30,By Consuming Insecticides,2004,0-14,Female,273
611,By Hanging,2002,0-14,Male,272
150,By Consuming Other Poison,2004,0-14,Female,271
1803,By touching electric wires,2001,15-29,Male,271
1719,By coming under running vehicles/trains,2004,60+,Male,270
1241,By Other means (please specify),2005,0-14,Male,270
1271,By Other means (please specify),2008,0-14,Male,269
1915,By touching electric wires,2012,30-44,Male,269
1393,By Over Alcoholism,2008,15-29,Male,268
660,By Hanging,2007,0-14,Female,266
1694,By coming under running vehicles/trains,2002,30-44,Female,265
1684,By coming under running vehicles/trains,2001,30-44,Female,265
620,By Hanging,2003,0-14,Female,264
321,By Drowning,2009,0-14,Male,264
90,By Consuming Insecticides,2010,0-14,Female,263
1764,By coming under running vehicles/trains,2009,30-44,Female,262
1759,By coming under running vehicles/trains,2008,60+,Male,262
650,By Hanging,2006,0-14,Female,262
1754,By coming under running vehicles/trains,2008,30-44,Female,261
1843,By touching electric wires,2005,15-29,Male,261
621,By Hanging,2003,0-14,Male,259
651,By Hanging,2006,0-14,Male,257
1201,By Other means,2002,0-14,Male,257
1,By Consuming Insecticides,2001,0-14,Male,256
1689,By coming under running vehicles/trains,2001,60+,Male,256
559,By Fire/Self Immolation,2008,60+,Male,255
1310,By Other means (please specify),2012,0-14,Female,254
895,By Jumping from (Other sites),2006,30-44,Male,253
1734,By coming under running vehicles/trains,2006,30-44,Female,253
1913,By touching electric wires,2012,15-29,Male,251
261,By Drowning,2003,0-14,Male,250
1805,By touching electric wires,2001,30-44,Male,249
489,By Fire/Self Immolation,2001,60+,Male,249
351,By Drowning,2012,0-14,Male,247
1261,By Other means (please specify),2007,0-14,Male,247
539,By Fire/Self Immolation,2006,60+,Male,246
1433,By Over Alcoholism,2012,15-29,Male,245
10,By Consuming Insecticides,2002,0-14,Female,245
20,By Consuming Insecticides,2003,0-14,Female,245
1251,By Other means (please specify),2006,0-14,Male,243
1729,By coming under running vehicles/trains,2005,60+,Male,242
1722,By coming under running vehicles/trains,2005,15-29,Female,242
1015,By Jumping off Moving Vehicles/Trains,2006,30-44,Male,241
1211,By Other means (please specify),2001,0-14,Male,241
1210,By Other means (please specify),2001,0-14,Female,241
140,By Consuming Other Poison,2003,0-14,Female,238
1769,By coming under running vehicles/trains,2009,60+,Male,238
60,By Consuming Insecticides,2007,0-14,Female,238
805,By Jumping from (Building),2009,30-44,Male,237
1445,By Overdose of sleeping pills,2001,30-44,Male,236
549,By Fire/Self Immolation,2007,60+,Male,236
170,By Consuming Other Poison,2006,0-14,Female,235
815,By Jumping from (Building),2010,30-44,Male,235
1230,By Other means (please specify),2004,0-14,Female,234
271,By Drowning,2004,0-14,Male,233
120,By Consuming Other Poison,2001,0-14,Female,232
1423,By Over Alcoholism,2011,15-29,Male,230
50,By Consuming Insecticides,2006,0-14,Female,228
80,By Consuming Insecticides,2009,0-14,Female,228
341,By Drowning,2011,0-14,Male,228
1653,By Self Infliction of injury,2010,15-29,Male,226
1865,By touching electric wires,2007,30-44,Male,226
1463,By Overdose of sleeping pills,2003,15-29,Male,226
1863,By touching electric wires,2007,15-29,Male,224
1013,By Jumping off Moving Vehicles/Trains,2006,15-29,Male,223
1005,By Jumping off Moving Vehicles/Trains,2005,30-44,Male,223
130,By Consuming Other Poison,2002,0-14,Female,223
91,By Consuming Insecticides,2010,0-14,Male,223
121,By Consuming Other Poison,2001,0-14,Male,223
1903,By touching electric wires,2011,15-29,Male,222
1270,By Other means (please specify),2008,0-14,Female,222
1709,By coming under running vehicles/trains,2003,60+,Male,222
1712,By coming under running vehicles/trains,2004,15-29,Female,222
1794,By coming under running vehicles/trains,2012,30-44,Female,220
1655,By Self Infliction of injury,2010,30-44,Male,219
1465,By Overdose of sleeping pills,2003,30-44,Male,219
529,By Fire/Self Immolation,2005,60+,Male,218
1714,By coming under running vehicles/trains,2004,30-44,Female,217
425,By Fire-Arms,2007,30-44,Male,216
281,By Drowning,2005,0-14,Male,216
1221,By Other means (please specify),2003,0-14,Male,215
21,By Consuming Insecticides,2003,0-14,Male,215
795,By Jumping from (Building),2008,30-44,Male,214
955,By Jumping from (Other sites),2012,30-44,Male,214
300,By Drowning,2007,0-14,Female,213
1702,By coming under running vehicles/trains,2003,15-29,Female,212
1025,By Jumping off Moving Vehicles/Trains,2007,30-44,Male,212
1905,By touching electric wires,2011,30-44,Male,211
1825,By touching electric wires,2003,30-44,Male,211
160,By Consuming Other Poison,2005,0-14,Female,210
100,By Consuming Insecticides,2011,0-14,Female,210
1055,By Jumping off Moving Vehicles/Trains,2010,30-44,Male,209
509,By Fire/Self Immolation,2003,60+,Male,209
935,By Jumping from (Other sites),2010,30-44,Male,208
1724,By coming under running vehicles/trains,2005,30-44,Female,206
131,By Consuming Other Poison,2002,0-14,Male,206
11,By Consuming Insecticides,2002,0-14,Male,205
1467,By Overdose of sleeping pills,2003,45-59,Male,204
1487,By Overdose of sleeping pills,2005,45-59,Male,204
933,By Jumping from (Other sites),2010,15-29,Male,203
403,By Fire-Arms,2005,15-29,Male,201
1455,By Overdose of sleeping pills,2002,30-44,Male,201
220,By Consuming Other Poison,2011,0-14,Female,201
240,By Drowning,2001,0-14,Female,201
1853,By touching electric wires,2006,15-29,Male,200
301,By Drowning,2007,0-14,Male,199
1220,By Other means (please specify),2003,0-14,Female,199
230,By Consuming Other Poison,2012,0-14,Female,199
151,By Consuming Other Poison,2004,0-14,Male,197
1776,By coming under running vehicles/trains,2010,45-59,Female,197
1333,By Over Alcoholism,2002,15-29,Male,196
893,By Jumping from (Other sites),2006,15-29,Male,196
405,By Fire-Arms,2005,30-44,Male,196
251,By Drowning,2002,0-14,Male,196
291,By Drowning,2006,0-14,Male,195
290,By Drowning,2006,0-14,Female,195
1240,By Other means (please specify),2005,0-14,Female,194
1383,By Over Alcoholism,2007,15-29,Male,194
1823,By touching electric wires,2003,15-29,Male,194
1373,By Over Alcoholism,2006,15-29,Male,194
1003,By Jumping off Moving Vehicles/Trains,2005,15-29,Male,194
51,By Consuming Insecticides,2006,0-14,Male,193
519,By Fire/Self Immolation,2004,60+,Male,193
1807,By touching electric wires,2001,45-59,Male,193
995,By Jumping off Moving Vehicles/Trains,2004,30-44,Male,193
1260,By Other means (please specify),2007,0-14,Female,192
1887,By touching electric wires,2009,45-59,Male,192
1505,By Overdose of sleeping pills,2007,30-44,Male,192
735,By Jumping from (Building),2002,30-44,Male,192
1447,By Overdose of sleeping pills,2001,45-59,Male,191
31,By Consuming Insecticides,2004,0-14,Male,190
310,By Drowning,2008,0-14,Female,190
70,By Consuming Insecticides,2008,0-14,Female,190
1897,By touching electric wires,2010,45-59,Male,190
1815,By touching electric wires,2002,30-44,Male,188
965,By Jumping off Moving Vehicles/Trains,2001,30-44,Male,188
922,By Jumping from (Other sites),2009,15-29,Female,187
1363,By Over Alcoholism,2005,15-29,Male,187
845,By Jumping from (Other sites),2001,30-44,Male,186
855,By Jumping from (Other sites),2002,30-44,Male,186
1704,By coming under running vehicles/trains,2003,30-44,Female,186
1813,By touching electric wires,2002,15-29,Male,185
1475,By Overdose of sleeping pills,2004,30-44,Male,185
1343,By Over Alcoholism,2003,15-29,Male,185
1250,By Other means (please specify),2006,0-14,Female,184
1323,By Over Alcoholism,2001,15-29,Male,183
813,By Jumping from (Building),2010,15-29,Male,182
1043,By Jumping off Moving Vehicles/Trains,2009,15-29,Male,182
1917,By touching electric wires,2012,45-59,Male,181
311,By Drowning,2008,0-14,Male,181
1855,By touching electric wires,2006,30-44,Male,180
161,By Consuming Other Poison,2005,0-14,Male,179
41,By Consuming Insecticides,2005,0-14,Male,178
975,By Jumping off Moving Vehicles/Trains,2002,30-44,Male,178
1053,By Jumping off Moving Vehicles/Trains,2010,15-29,Male,177
1439,By Over Alcoholism,2012,60+,Male,176
570,By Fire/Self Immolation,2010,0-14,Female,176
40,By Consuming Insecticides,2005,0-14,Female,176
110,By Consuming Insecticides,2012,0-14,Female,174
875,By Jumping from (Other sites),2004,30-44,Male,173
993,By Jumping off Moving Vehicles/Trains,2004,15-29,Male,173
1329,By Over Alcoholism,2001,60+,Male,172
1847,By touching electric wires,2005,45-59,Male,172
1353,By Over Alcoholism,2004,15-29,Male,171
1473,By Overdose of sleeping pills,2004,15-29,Male,171
1837,By touching electric wires,2004,45-59,Male,171
101,By Consuming Insecticides,2011,0-14,Male,170
490,By Fire/Self Immolation,2002,0-14,Female,170
480,By Fire/Self Immolation,2001,0-14,Female,170
1468,By Overdose of sleeping pills,2003,60+,Female,169
1877,By touching electric wires,2008,45-59,Male,169
1075,By Jumping off Moving Vehicles/Trains,2012,30-44,Male,169
765,By Jumping from (Building),2005,30-44,Male,168
745,By Jumping from (Building),2003,30-44,Male,168
1477,By Overdose of sleeping pills,2004,45-59,Male,167
61,By Consuming Insecticides,2007,0-14,Male,167
280,By Drowning,2005,0-14,Female,166
1766,By coming under running vehicles/trains,2009,45-59,Female,166
1017,By Jumping off Moving Vehicles/Trains,2006,45-59,Male,165
923,By Jumping from (Other sites),2009,15-29,Male,165
250,By Drowning,2002,0-14,Female,165
825,By Jumping from (Building),2011,30-44,Male,165
1047,By Jumping off Moving Vehicles/Trains,2009,45-59,Male,164
445,By Fire-Arms,2009,30-44,Male,163
395,By Fire-Arms,2004,30-44,Male,162
580,By Fire/Self Immolation,2011,0-14,Female,161
1736,By coming under running vehicles/trains,2006,45-59,Female,160
200,By Consuming Other Poison,2009,0-14,Female,160
330,By Drowning,2010,0-14,Female,160
180,By Consuming Other Poison,2007,0-14,Female,160
221,By Consuming Other Poison,2011,0-14,Male,160
320,By Drowning,2009,0-14,Female,160
171,By Consuming Other Poison,2006,0-14,Male,159
71,By Consuming Insecticides,2008,0-14,Male,159
1466,By Overdose of sleeping pills,2003,45-59,Female,159
725,By Jumping from (Building),2001,30-44,Male,158
1502,By Overdose of sleeping pills,2007,15-29,Female,158
340,By Drowning,2011,0-14,Female,157
270,By Drowning,2004,0-14,Female,156
540,By Fire/Self Immolation,2007,0-14,Female,155
1495,By Overdose of sleeping pills,2006,30-44,Male,155
1686,By coming under running vehicles/trains,2001,45-59,Female,154
141,By Consuming Other Poison,2003,0-14,Male,154
590,By Fire/Self Immolation,2012,0-14,Female,153
435,By Fire-Arms,2008,30-44,Male,153
963,By Jumping off Moving Vehicles/Trains,2001,15-29,Male,152
453,By Fire-Arms,2010,15-29,Male,152
1472,By Overdose of sleeping pills,2004,15-29,Female,151
1464,By Overdose of sleeping pills,2003,30-44,Female,151
953,By Jumping from (Other sites),2012,15-29,Male,151
1565,By Self Infliction of injury,2001,30-44,Male,150
455,By Fire-Arms,2010,30-44,Male,150
1035,By Jumping off Moving Vehicles/Trains,2008,30-44,Male,149
385,By Fire-Arms,2003,30-44,Male,148
775,By Jumping from (Building),2006,30-44,Male,148
853,By Jumping from (Other sites),2002,15-29,Male,148
1555,By Overdose of sleeping pills,2012,30-44,Male,147
81,By Consuming Insecticides,2009,0-14,Male,147
427,By Fire-Arms,2007,45-59,Male,147
1675,By Self Infliction of injury,2012,30-44,Male,147
1063,By Jumping off Moving Vehicles/Trains,2011,15-29,Male,147
803,By Jumping from (Building),2009,15-29,Male,147
500,By Fire/Self Immolation,2003,0-14,Female,146
383,By Fire-Arms,2003,15-29,Male,146
873,By Jumping from (Other sites),2004,15-29,Male,146
510,By Fire/Self Immolation,2004,0-14,Female,145
260,By Drowning,2003,0-14,Female,145
1786,By coming under running vehicles/trains,2011,45-59,Female,145
1065,By Jumping off Moving Vehicles/Trains,2011,30-44,Male,145
1429,By Over Alcoholism,2011,60+,Male,144
190,By Consuming Other Poison,2008,0-14,Female,144
1443,By Overdose of sleeping pills,2001,15-29,Male,143
350,By Drowning,2012,0-14,Female,143
1023,By Jumping off Moving Vehicles/Trains,2007,15-29,Male,142
823,By Jumping from (Building),2011,15-29,Male,142
945,By Jumping from (Other sites),2011,30-44,Male,142
985,By Jumping off Moving Vehicles/Trains,2003,30-44,Male,142
1339,By Over Alcoholism,2002,60+,Male,141
1746,By coming under running vehicles/trains,2007,45-59,Female,141
1515,By Overdose of sleeping pills,2008,30-44,Male,140
210,By Consuming Other Poison,2010,0-14,Female,140
452,By Fire-Arms,2010,15-29,Female,140
865,By Jumping from (Other sites),2003,30-44,Male,140
787,By Jumping from (Building),2007,45-59,Male,139
793,By Jumping from (Building),2008,15-29,Male,139
1073,By Jumping off Moving Vehicles/Trains,2012,15-29,Male,139
415,By Fire-Arms,2006,30-44,Male,138
1453,By Overdose of sleeping pills,2002,15-29,Male,138
443,By Fire-Arms,2009,15-29,Male,137
885,By Jumping from (Other sites),2005,30-44,Male,137
1485,By Overdose of sleeping pills,2005,30-44,Male,137
375,By Fire-Arms,2002,30-44,Male,137
1499,By Overdose of sleeping pills,2006,60+,Male,136
231,By Consuming Other Poison,2012,0-14,Male,135
1827,By touching electric wires,2003,45-59,Male,135
1796,By coming under running vehicles/trains,2012,45-59,Female,134
201,By Consuming Other Poison,2009,0-14,Male,133
743,By Jumping from (Building),2003,15-29,Male,133
835,By Jumping from (Building),2012,30-44,Male,132
181,By Consuming Other Poison,2007,0-14,Male,132
1409,By Over Alcoholism,2009,60+,Male,132
843,By Jumping from (Other sites),2001,15-29,Male,132
560,By Fire/Self Immolation,2009,0-14,Female,131
943,By Jumping from (Other sites),2011,15-29,Male,131
783,By Jumping from (Building),2007,15-29,Male,131
1497,By Overdose of sleeping pills,2006,45-59,Male,130
1525,By Overdose of sleeping pills,2009,30-44,Male,130
833,By Jumping from (Building),2012,15-29,Male,130
1696,By coming under running vehicles/trains,2002,45-59,Female,129
1469,By Overdose of sleeping pills,2003,60+,Male,129
773,By Jumping from (Building),2006,15-29,Male,129
1673,By Self Infliction of injury,2012,15-29,Male,128
1419,By Over Alcoholism,2010,60+,Male,128
465,By Fire-Arms,2011,30-44,Male,128
473,By Fire-Arms,2012,15-29,Male,127
1033,By Jumping off Moving Vehicles/Trains,2008,15-29,Male,127
1007,By Jumping off Moving Vehicles/Trains,2005,45-59,Male,127
807,By Jumping from (Building),2009,45-59,Male,126
937,By Jumping from (Other sites),2010,45-59,Male,125
1657,By Self Infliction of injury,2010,45-59,Male,125
423,By Fire-Arms,2007,15-29,Male,125
1454,By Overdose of sleeping pills,2002,30-44,Female,125
863,By Jumping from (Other sites),2003,15-29,Male,124
913,By Jumping from (Other sites),2008,15-29,Male,124
997,By Jumping off Moving Vehicles/Trains,2004,45-59,Male,124
1474,By Overdose of sleeping pills,2004,30-44,Female,123
520,By Fire/Self Immolation,2005,0-14,Female,123
475,By Fire-Arms,2012,30-44,Male,123
1457,By Overdose of sleeping pills,2002,45-59,Male,123
897,By Jumping from (Other sites),2006,45-59,Male,123
1535,By Overdose of sleeping pills,2010,30-44,Male,121
1756,By coming under running vehicles/trains,2008,45-59,Female,121
1067,By Jumping off Moving Vehicles/Trains,2011,45-59,Male,121
1726,By coming under running vehicles/trains,2005,45-59,Female,120
1057,By Jumping off Moving Vehicles/Trains,2010,45-59,Male,120
191,By Consuming Other Poison,2008,0-14,Male,120
1399,By Over Alcoholism,2008,60+,Male,120
755,By Jumping from (Building),2004,30-44,Male,119
1533,By Overdose of sleeping pills,2010,15-29,Male,119
1452,By Overdose of sleeping pills,2002,15-29,Female,119
211,By Consuming Other Poison,2010,0-14,Male,119
1817,By touching electric wires,2002,45-59,Male,118
1482,By Overdose of sleeping pills,2005,15-29,Female,118
407,By Fire-Arms,2005,45-59,Male,117
373,By Fire-Arms,2002,15-29,Male,117
1716,By coming under running vehicles/trains,2004,45-59,Female,117
857,By Jumping from (Other sites),2002,45-59,Male,117
1462,By Overdose of sleeping pills,2003,15-29,Female,116
1663,By Self Infliction of injury,2011,15-29,Male,115
433,By Fire-Arms,2008,15-29,Male,115
550,By Fire/Self Immolation,2008,0-14,Female,115
817,By Jumping from (Building),2010,45-59,Male,114
763,By Jumping from (Building),2005,15-29,Male,113
1503,By Overdose of sleeping pills,2007,15-29,Male,113
1577,By Self Infliction of injury,2002,45-59,Male,113
1512,By Overdose of sleeping pills,2008,15-29,Female,113
1442,By Overdose of sleeping pills,2001,15-29,Female,113
463,By Fire-Arms,2011,15-29,Male,113
927,By Jumping from (Other sites),2009,45-59,Male,112
1449,By Overdose of sleeping pills,2001,60+,Male,112
1523,By Overdose of sleeping pills,2009,15-29,Male,112
737,By Jumping from (Building),2002,45-59,Male,112
1504,By Overdose of sleeping pills,2007,30-44,Female,111
973,By Jumping off Moving Vehicles/Trains,2002,15-29,Male,111
1575,By Self Infliction of injury,2002,30-44,Male,111
530,By Fire/Self Immolation,2006,0-14,Female,111
111,By Consuming Insecticides,2012,0-14,Male,110
723,By Jumping from (Building),2001,15-29,Male,110
747,By Jumping from (Building),2003,45-59,Male,110
393,By Fire-Arms,2004,15-29,Male,110
915,By Jumping from (Other sites),2008,30-44,Male,109
983,By Jumping off Moving Vehicles/Trains,2003,15-29,Male,109
924,By Jumping from (Other sites),2009,30-44,Female,109
977,By Jumping off Moving Vehicles/Trains,2002,45-59,Male,109
957,By Jumping from (Other sites),2012,45-59,Male,108
1389,By Over Alcoholism,2007,60+,Male,108
1542,By Overdose of sleeping pills,2011,15-29,Female,108
1552,By Overdose of sleeping pills,2012,15-29,Female,108
1557,By Overdose of sleeping pills,2012,45-59,Male,107
1706,By coming under running vehicles/trains,2003,45-59,Female,107
481,By Fire/Self Immolation,2001,0-14,Male,107
1517,By Overdose of sleeping pills,2008,45-59,Male,107
733,By Jumping from (Building),2002,15-29,Male,107
363,By Fire-Arms,2001,15-29,Male,107
1543,By Overdose of sleeping pills,2011,15-29,Male,106
867,By Jumping from (Other sites),2003,45-59,Male,106
1665,By Self Infliction of injury,2011,30-44,Male,106
1567,By Self Infliction of injury,2001,45-59,Male,104
1507,By Overdose of sleeping pills,2007,45-59,Male,104
967,By Jumping off Moving Vehicles/Trains,2001,45-59,Male,104
1672,By Self Infliction of injury,2012,15-29,Female,104
883,By Jumping from (Other sites),2005,15-29,Male,103
847,By Jumping from (Other sites),2001,45-59,Male,102
1867,By touching electric wires,2007,45-59,Male,102
822,By Jumping from (Building),2011,15-29,Female,102
1907,By touching electric wires,2011,45-59,Male,100
797,By Jumping from (Building),2008,45-59,Male,100
1492,By Overdose of sleeping pills,2006,15-29,Female,99
1652,By Self Infliction of injury,2010,15-29,Female,98
1545,By Overdose of sleeping pills,2011,30-44,Male,98
1532,By Overdose of sleeping pills,2010,15-29,Female,98
1379,By Over Alcoholism,2006,60+,Male,98
1892,By touching electric wires,2010,15-29,Female,97
1553,By Overdose of sleeping pills,2012,15-29,Male,97
827,By Jumping from (Building),2011,45-59,Male,96
877,By Jumping from (Other sites),2004,45-59,Male,96
387,By Fire-Arms,2003,45-59,Male,96
1768,By coming under running vehicles/trains,2009,60+,Female,96
413,By Fire-Arms,2006,15-29,Male,95
903,By Jumping from (Other sites),2007,15-29,Male,95
1832,By touching electric wires,2004,15-29,Female,95
952,By Jumping from (Other sites),2012,15-29,Female,94
1479,By Overdose of sleeping pills,2004,60+,Male,94
1446,By Overdose of sleeping pills,2001,45-59,Female,93
1842,By touching electric wires,2005,15-29,Female,93
1476,By Overdose of sleeping pills,2004,45-59,Female,93
1027,By Jumping off Moving Vehicles/Trains,2007,45-59,Male,93
1444,By Overdose of sleeping pills,2001,30-44,Female,93
934,By Jumping from (Other sites),2010,30-44,Female,92
802,By Jumping from (Building),2009,15-29,Female,91
837,By Jumping from (Building),2012,45-59,Male,91
1484,By Overdose of sleeping pills,2005,30-44,Female,90
727,By Jumping from (Building),2001,45-59,Male,90
1583,By Self Infliction of injury,2003,15-29,Male,90
854,By Jumping from (Other sites),2002,30-44,Female,90
1844,By touching electric wires,2005,30-44,Female,90
1809,By touching electric wires,2001,60+,Male,90
1524,By Overdose of sleeping pills,2009,30-44,Female,90
894,By Jumping from (Other sites),2006,30-44,Female,90
844,By Jumping from (Other sites),2001,30-44,Female,89
842,By Jumping from (Other sites),2001,15-29,Female,89
1448,By Overdose of sleeping pills,2001,60+,Female,89
1674,By Self Infliction of injury,2012,30-44,Female,89
1489,By Overdose of sleeping pills,2005,60+,Male,89
1522,By Overdose of sleeping pills,2009,15-29,Female,89
942,By Jumping from (Other sites),2011,15-29,Female,88
782,By Jumping from (Building),2007,15-29,Female,88
1834,By touching electric wires,2004,30-44,Female,88
1083,By Machine,2001,15-29,Male,88
932,By Jumping from (Other sites),2010,15-29,Female,88
1359,By Over Alcoholism,2004,60+,Male,87
1349,By Over Alcoholism,2003,60+,Male,87
742,By Jumping from (Building),2003,15-29,Female,87
1493,By Overdose of sleeping pills,2006,15-29,Male,86
1527,By Overdose of sleeping pills,2009,45-59,Male,86
1573,By Self Infliction of injury,2002,15-29,Male,86
812,By Jumping from (Building),2010,15-29,Female,86
1012,By Jumping off Moving Vehicles/Trains,2006,15-29,Female,86
1554,By Overdose of sleeping pills,2012,30-44,Female,85
1585,By Self Infliction of injury,2003,30-44,Male,84
1072,By Jumping off Moving Vehicles/Trains,2012,15-29,Female,84
1044,By Jumping off Moving Vehicles/Trains,2009,30-44,Female,84
987,By Jumping off Moving Vehicles/Trains,2003,45-59,Male,84
1077,By Jumping off Moving Vehicles/Trains,2012,45-59,Male,84
917,By Jumping from (Other sites),2008,45-59,Male,83
1894,By touching electric wires,2010,30-44,Female,83
1537,By Overdose of sleeping pills,2010,45-59,Male,83
447,By Fire-Arms,2009,45-59,Male,83
1544,By Overdose of sleeping pills,2011,30-44,Female,81
832,By Jumping from (Building),2012,15-29,Female,81
1514,By Overdose of sleeping pills,2008,30-44,Female,81
772,By Jumping from (Building),2006,15-29,Female,81
753,By Jumping from (Building),2004,15-29,Male,81
1635,By Self Infliction of injury,2008,30-44,Male,80
905,By Jumping from (Other sites),2007,30-44,Male,79
1037,By Jumping off Moving Vehicles/Trains,2008,45-59,Male,79
1534,By Overdose of sleeping pills,2010,30-44,Female,79
1456,By Overdose of sleeping pills,2002,45-59,Female,79
571,By Fire/Self Immolation,2010,0-14,Male,79
501,By Fire/Self Immolation,2003,0-14,Male,78
954,By Jumping from (Other sites),2012,30-44,Female,78
1052,By Jumping off Moving Vehicles/Trains,2010,15-29,Female,78
1093,By Machine,2002,15-29,Male,78
1459,By Overdose of sleeping pills,2002,60+,Male,78
892,By Jumping from (Other sites),2006,15-29,Female,77
1014,By Jumping off Moving Vehicles/Trains,2006,30-44,Female,77
1625,By Self Infliction of injury,2007,30-44,Male,76
1718,By coming under running vehicles/trains,2004,60+,Female,76
744,By Jumping from (Building),2003,30-44,Female,76
1896,By touching electric wires,2010,45-59,Female,76
1857,By touching electric wires,2006,45-59,Male,76
804,By Jumping from (Building),2009,30-44,Female,76
1042,By Jumping off Moving Vehicles/Trains,2009,15-29,Female,76
907,By Jumping from (Other sites),2007,45-59,Male,75
1593,By Self Infliction of injury,2004,15-29,Male,75
1645,By Self Infliction of injury,2009,30-44,Male,75
402,By Fire-Arms,2005,15-29,Female,75
852,By Jumping from (Other sites),2002,15-29,Female,75
1412,By Over Alcoholism,2010,15-29,Female,75
1513,By Overdose of sleeping pills,2008,15-29,Male,75
362,By Fire-Arms,2001,15-29,Female,75
457,By Fire-Arms,2010,45-59,Male,75
365,By Fire-Arms,2001,30-44,Male,74
477,By Fire-Arms,2012,45-59,Male,74
1587,By Self Infliction of injury,2003,45-59,Male,74
1562,By Self Infliction of injury,2001,15-29,Female,74
1062,By Jumping off Moving Vehicles/Trains,2011,15-29,Female,74
824,By Jumping from (Building),2011,30-44,Female,73
1085,By Machine,2001,30-44,Male,73
1882,By touching electric wires,2009,15-29,Female,72
1595,By Self Infliction of injury,2004,30-44,Male,72
1788,By coming under running vehicles/trains,2011,60+,Female,72
1547,By Overdose of sleeping pills,2011,45-59,Male,72
377,By Fire-Arms,2002,45-59,Male,72
1483,By Overdose of sleeping pills,2005,15-29,Male,72
767,By Jumping from (Building),2005,45-59,Male,71
392,By Fire-Arms,2004,15-29,Female,71
1143,By Machine,2007,15-29,Male,71
1688,By coming under running vehicles/trains,2001,60+,Female,71
382,By Fire-Arms,2003,15-29,Female,70
422,By Fire-Arms,2007,15-29,Female,70
764,By Jumping from (Building),2005,30-44,Female,70
1738,By coming under running vehicles/trains,2006,60+,Female,69
1605,By Self Infliction of injury,2005,30-44,Male,69
969,By Jumping off Moving Vehicles/Trains,2001,60+,Male,68
1643,By Self Infliction of injury,2009,15-29,Male,68
442,By Fire-Arms,2009,15-29,Female,68
734,By Jumping from (Building),2002,30-44,Female,68
1802,By touching electric wires,2001,15-29,Female,68
814,By Jumping from (Building),2010,30-44,Female,68
929,By Jumping from (Other sites),2009,60+,Male,67
581,By Fire/Self Immolation,2011,0-14,Male,67
947,By Jumping from (Other sites),2011,45-59,Male,67
777,By Jumping from (Building),2006,45-59,Male,67
1778,By coming under running vehicles/trains,2010,60+,Female,67
1175,By Machine,2010,30-44,Male,66
786,By Jumping from (Building),2007,45-59,Female,66
1884,By touching electric wires,2009,30-44,Female,66
1633,By Self Infliction of injury,2008,15-29,Male,66
1654,By Self Infliction of injury,2010,30-44,Female,66
521,By Fire/Self Immolation,2005,0-14,Male,65
1603,By Self Infliction of injury,2005,15-29,Male,65
792,By Jumping from (Building),2008,15-29,Female,65
397,By Fire-Arms,2004,45-59,Male,65
454,By Fire-Arms,2010,30-44,Female,65
732,By Jumping from (Building),2002,15-29,Female,65
936,By Jumping from (Other sites),2010,45-59,Female,65
401,By Fire-Arms,2005,0-14,Male,64
1494,By Overdose of sleeping pills,2006,30-44,Female,64
472,By Fire-Arms,2012,15-29,Female,64
1886,By touching electric wires,2009,45-59,Female,64
722,By Jumping from (Building),2001,15-29,Female,64
1059,By Jumping off Moving Vehicles/Trains,2010,60+,Male,63
1667,By Self Infliction of injury,2011,45-59,Male,63
757,By Jumping from (Building),2004,45-59,Male,63
437,By Fire-Arms,2008,45-59,Male,63
1708,By coming under running vehicles/trains,2003,60+,Female,63
591,By Fire/Self Immolation,2012,0-14,Male,62
809,By Jumping from (Building),2009,60+,Male,62
794,By Jumping from (Building),2008,30-44,Female,62
979,By Jumping off Moving Vehicles/Trains,2002,60+,Male,62
1677,By Self Infliction of injury,2012,45-59,Male,62
1902,By touching electric wires,2011,15-29,Female,62
1004,By Jumping off Moving Vehicles/Trains,2005,30-44,Female,62
1069,By Jumping off Moving Vehicles/Trains,2011,60+,Male,62
1632,By Self Infliction of injury,2008,15-29,Female,62
1392,By Over Alcoholism,2008,15-29,Female,61
728,By Jumping from (Building),2001,60+,Female,61
1623,By Self Infliction of injury,2007,15-29,Male,61
862,By Jumping from (Other sites),2003,15-29,Female,61
511,By Fire/Self Immolation,2004,0-14,Male,61
1394,By Over Alcoholism,2008,30-44,Female,61
1574,By Self Infliction of injury,2002,30-44,Female,60
1748,By coming under running vehicles/trains,2007,60+,Female,60
1458,By Overdose of sleeping pills,2002,60+,Female,60
1582,By Self Infliction of injury,2003,15-29,Female,60
1804,By touching electric wires,2001,30-44,Female,60
424,By Fire-Arms,2007,30-44,Female,60
944,By Jumping from (Other sites),2011,30-44,Female,59
1032,By Jumping off Moving Vehicles/Trains,2008,15-29,Female,59
1024,By Jumping off Moving Vehicles/Trains,2007,30-44,Female,59
887,By Jumping from (Other sites),2005,45-59,Male,59
784,By Jumping from (Building),2007,30-44,Female,59
432,By Fire-Arms,2008,15-29,Female,59
1874,By touching electric wires,2008,30-44,Female,59
864,By Jumping from (Other sites),2003,30-44,Female,58
1165,By Machine,2009,30-44,Male,58
736,By Jumping from (Building),2002,45-59,Female,58
467,By Fire-Arms,2011,45-59,Male,58
429,By Fire-Arms,2007,60+,Male,58
1563,By Self Infliction of injury,2001,15-29,Male,58
1579,By Self Infliction of injury,2002,60+,Male,58
872,By Jumping from (Other sites),2004,15-29,Female,57
1002,By Jumping off Moving Vehicles/Trains,2005,15-29,Female,57
1488,By Overdose of sleeping pills,2005,60+,Female,57
1486,By Overdose of sleeping pills,2005,45-59,Female,57
491,By Fire/Self Immolation,2002,0-14,Male,56
762,By Jumping from (Building),2005,15-29,Female,56
1496,By Overdose of sleeping pills,2006,45-59,Female,55
1516,By Overdose of sleeping pills,2008,45-59,Female,55
896,By Jumping from (Other sites),2006,45-59,Female,55
1615,By Self Infliction of injury,2006,30-44,Male,55
1872,By touching electric wires,2008,15-29,Female,55
962,By Jumping off Moving Vehicles/Trains,2001,15-29,Female,54
1798,By coming under running vehicles/trains,2012,60+,Female,54
1095,By Machine,2002,30-44,Male,54
1022,By Jumping off Moving Vehicles/Trains,2007,15-29,Female,54
1912,By touching electric wires,2012,15-29,Female,54
1064,By Jumping off Moving Vehicles/Trains,2011,30-44,Female,54
902,By Jumping from (Other sites),2007,15-29,Female,53
367,By Fire-Arms,2001,45-59,Male,53
964,By Jumping off Moving Vehicles/Trains,2001,30-44,Female,53
1728,By coming under running vehicles/trains,2005,60+,Female,53
1074,By Jumping off Moving Vehicles/Trains,2012,30-44,Female,52
541,By Fire/Self Immolation,2007,0-14,Male,52
1662,By Self Infliction of injury,2011,15-29,Female,52
1569,By Self Infliction of injury,2001,60+,Male,52
926,By Jumping from (Other sites),2009,45-59,Female,52
1829,By touching electric wires,2003,60+,Male,51
972,By Jumping off Moving Vehicles/Trains,2002,15-29,Female,51
417,By Fire-Arms,2006,45-59,Male,51
1864,By touching electric wires,2007,30-44,Female,51
1698,By coming under running vehicles/trains,2002,60+,Female,50
374,By Fire-Arms,2002,30-44,Female,50
1914,By touching electric wires,2012,30-44,Female,50
1519,By Overdose of sleeping pills,2008,60+,Male,50
1029,By Jumping off Moving Vehicles/Trains,2007,60+,Male,50
462,By Fire-Arms,2011,15-29,Female,50
1509,By Overdose of sleeping pills,2007,60+,Male,50
1597,By Self Infliction of injury,2004,45-59,Male,50
1819,By touching electric wires,2002,60+,Male,50
372,By Fire-Arms,2002,15-29,Female,49
982,By Jumping off Moving Vehicles/Trains,2003,15-29,Female,49
1382,By Over Alcoholism,2007,15-29,Female,49
1369,By Over Alcoholism,2005,60+,Male,49
1167,By Machine,2009,45-59,Male,49
874,By Jumping from (Other sites),2004,30-44,Female,49
1758,By coming under running vehicles/trains,2008,60+,Female,49
752,By Jumping from (Building),2004,15-29,Female,49
1556,By Overdose of sleeping pills,2012,45-59,Female,48
1899,By touching electric wires,2010,60+,Male,48
1572,By Self Infliction of injury,2002,15-29,Female,48
1814,By touching electric wires,2002,30-44,Female,48
1592,By Self Infliction of injury,2004,15-29,Female,48
1919,By touching electric wires,2012,60+,Male,48
404,By Fire-Arms,2005,30-44,Female,48
1079,By Jumping off Moving Vehicles/Trains,2012,60+,Male,48
819,By Jumping from (Building),2010,60+,Male,48
551,By Fire/Self Immolation,2008,0-14,Male,47
1173,By Machine,2010,15-29,Male,47
859,By Jumping from (Other sites),2002,60+,Male,47
1054,By Jumping off Moving Vehicles/Trains,2010,30-44,Female,47
984,By Jumping off Moving Vehicles/Trains,2003,30-44,Female,46
1105,By Machine,2003,30-44,Male,46
834,By Jumping from (Building),2012,30-44,Female,46
1854,By touching electric wires,2006,30-44,Female,46
1529,By Overdose of sleeping pills,2009,60+,Male,46
1506,By Overdose of sleeping pills,2007,45-59,Female,45
959,By Jumping from (Other sites),2012,60+,Male,45
444,By Fire-Arms,2009,30-44,Female,45
1824,By touching electric wires,2003,30-44,Female,45
1669,By Self Infliction of injury,2011,60+,Male,45
749,By Jumping from (Building),2003,60+,Male,44
746,By Jumping from (Building),2003,45-59,Female,44
724,By Jumping from (Building),2001,30-44,Female,44
1852,By touching electric wires,2006,15-29,Female,44
1642,By Self Infliction of injury,2009,15-29,Female,44
1812,By touching electric wires,2002,15-29,Female,43
1647,By Self Infliction of injury,2009,45-59,Male,43
1909,By touching electric wires,2011,60+,Male,43
946,By Jumping from (Other sites),2011,45-59,Female,43
1564,By Self Infliction of injury,2001,30-44,Female,43
1846,By touching electric wires,2005,45-59,Female,43
1185,By Machine,2011,30-44,Male,43
1536,By Overdose of sleeping pills,2010,45-59,Female,42
1326,By Over Alcoholism,2001,45-59,Female,42
1659,By Self Infliction of injury,2010,60+,Male,42
1034,By Jumping off Moving Vehicles/Trains,2008,30-44,Female,42
1549,By Overdose of sleeping pills,2011,60+,Male,42
739,By Jumping from (Building),2002,60+,Male,42
1526,By Overdose of sleeping pills,2009,45-59,Female,42
1584,By Self Infliction of injury,2003,30-44,Female,42
1822,By touching electric wires,2003,15-29,Female,42
1404,By Over Alcoholism,2009,30-44,Female,41
1904,By touching electric wires,2011,30-44,Female,41
1806,By touching electric wires,2001,45-59,Female,41
1889,By touching electric wires,2009,60+,Male,41
1881,By touching electric wires,2009,0-14,Male,41
1009,By Jumping off Moving Vehicles/Trains,2005,60+,Male,41
1416,By Over Alcoholism,2010,45-59,Female,41
1613,By Self Infliction of injury,2006,15-29,Male,41
856,By Jumping from (Other sites),2002,45-59,Female,40
829,By Jumping from (Building),2011,60+,Male,40
1664,By Self Infliction of injury,2011,30-44,Female,40
1498,By Overdose of sleeping pills,2006,60+,Female,40
394,By Fire-Arms,2004,30-44,Female,40
839,By Jumping from (Building),2012,60+,Male,39
1115,By Machine,2004,30-44,Male,39
1649,By Self Infliction of injury,2009,60+,Male,39
994,By Jumping off Moving Vehicles/Trains,2004,30-44,Female,39
1607,By Self Infliction of injury,2005,45-59,Male,39
849,By Jumping from (Other sites),2001,60+,Male,39
726,By Jumping from (Building),2001,45-59,Female,39
1876,By touching electric wires,2008,45-59,Female,39
1195,By Machine,2012,30-44,Male,38
1862,By touching electric wires,2007,15-29,Female,38
561,By Fire/Self Immolation,2009,0-14,Male,38
531,By Fire/Self Immolation,2006,0-14,Male,38
904,By Jumping from (Other sites),2007,30-44,Female,38
1602,By Self Infliction of injury,2005,15-29,Female,38
1731,By coming under running vehicles/trains,2006,0-14,Male,37
384,By Fire-Arms,2003,30-44,Female,37
1546,By Overdose of sleeping pills,2011,45-59,Female,37
858,By Jumping from (Other sites),2002,60+,Female,37
826,By Jumping from (Building),2011,45-59,Female,37
1125,By Machine,2005,30-44,Male,36
1839,By touching electric wires,2004,60+,Male,36
434,By Fire-Arms,2008,30-44,Female,36
1594,By Self Infliction of injury,2004,30-44,Female,36
1384,By Over Alcoholism,2007,30-44,Female,36
912,By Jumping from (Other sites),2008,15-29,Female,36
882,By Jumping from (Other sites),2005,15-29,Female,36
1576,By Self Infliction of injury,2002,45-59,Female,36
1324,By Over Alcoholism,2001,30-44,Female,36
1701,By coming under running vehicles/trains,2003,0-14,Male,35
999,By Jumping off Moving Vehicles/Trains,2004,60+,Male,35
938,By Jumping from (Other sites),2010,60+,Female,35
1637,By Self Infliction of injury,2008,45-59,Male,35
919,By Jumping from (Other sites),2008,60+,Male,35
806,By Jumping from (Building),2009,45-59,Female,35
1019,By Jumping off Moving Vehicles/Trains,2006,60+,Male,35
1145,By Machine,2007,30-44,Male,35
899,By Jumping from (Other sites),2006,60+,Male,35
1155,By Machine,2008,30-44,Male,34
1617,By Self Infliction of injury,2006,45-59,Male,34
774,By Jumping from (Building),2006,30-44,Female,34
459,By Fire-Arms,2010,60+,Male,34
939,By Jumping from (Other sites),2010,60+,Male,34
1627,By Self Infliction of injury,2007,45-59,Male,34
909,By Jumping from (Other sites),2007,60+,Male,34
1097,By Machine,2002,45-59,Male,34
1849,By touching electric wires,2005,60+,Male,34
1103,By Machine,2003,15-29,Male,33
1821,By touching electric wires,2003,0-14,Male,33
754,By Jumping from (Building),2004,30-44,Female,33
1811,By touching electric wires,2002,0-14,Male,33
846,By Jumping from (Other sites),2001,45-59,Female,33
1322,By Over Alcoholism,2001,15-29,Female,32
1133,By Machine,2006,15-29,Male,32
1861,By touching electric wires,2007,0-14,Male,32
879,By Jumping from (Other sites),2004,60+,Male,32
1836,By touching electric wires,2004,45-59,Female,32
1364,By Over Alcoholism,2005,30-44,Female,32
1087,By Machine,2001,45-59,Male,32
866,By Jumping from (Other sites),2003,45-59,Female,32
1644,By Self Infliction of injury,2009,30-44,Female,32
1666,By Self Infliction of injury,2011,45-59,Female,32
1624,By Self Infliction of injury,2007,30-44,Female,31
974,By Jumping off Moving Vehicles/Trains,2002,30-44,Female,31
884,By Jumping from (Other sites),2005,30-44,Female,31
1761,By coming under running vehicles/trains,2009,0-14,Male,31
1879,By touching electric wires,2008,60+,Male,30
949,By Jumping from (Other sites),2011,60+,Male,30
1751,By coming under running vehicles/trains,2008,0-14,Male,30
1518,By Overdose of sleeping pills,2008,60+,Female,30
1135,By Machine,2006,30-44,Male,30
1113,By Machine,2004,15-29,Male,30
1676,By Self Infliction of injury,2012,45-59,Female,30
796,By Jumping from (Building),2008,45-59,Female,30
1183,By Machine,2011,15-29,Male,30
1891,By touching electric wires,2010,0-14,Male,30
966,By Jumping off Moving Vehicles/Trains,2001,45-59,Female,29
1107,By Machine,2003,45-59,Male,29
1622,By Self Infliction of injury,2007,15-29,Female,29
816,By Jumping from (Building),2010,45-59,Female,29
1559,By Overdose of sleeping pills,2012,60+,Male,29
992,By Jumping off Moving Vehicles/Trains,2004,15-29,Female,29
769,By Jumping from (Building),2005,60+,Male,29
1771,By coming under running vehicles/trains,2010,0-14,Male,29
1046,By Jumping off Moving Vehicles/Trains,2009,45-59,Female,29
364,By Fire-Arms,2001,30-44,Female,29
1434,By Over Alcoholism,2012,30-44,Female,28
1869,By touching electric wires,2007,60+,Male,28
729,By Jumping from (Building),2001,60+,Male,28
869,By Jumping from (Other sites),2003,60+,Male,28
1386,By Over Alcoholism,2007,45-59,Female,28
1808,By touching electric wires,2001,60+,Female,28
1049,By Jumping off Moving Vehicles/Trains,2009,60+,Male,28
989,By Jumping off Moving Vehicles/Trains,2003,60+,Male,28
914,By Jumping from (Other sites),2008,30-44,Female,28
1589,By Self Infliction of injury,2003,60+,Male,28
1508,By Overdose of sleeping pills,2007,60+,Female,27
1586,By Self Infliction of injury,2003,45-59,Female,27
1741,By coming under running vehicles/trains,2007,0-14,Male,27
1612,By Self Infliction of injury,2006,15-29,Female,27
1740,By coming under running vehicles/trains,2007,0-14,Female,27
789,By Jumping from (Building),2007,60+,Male,27
1871,By touching electric wires,2008,0-14,Male,27
1396,By Over Alcoholism,2008,45-59,Female,27
799,By Jumping from (Building),2008,60+,Male,26
1629,By Self Infliction of injury,2007,60+,Male,26
1634,By Self Infliction of injury,2008,30-44,Female,26
1911,By touching electric wires,2012,0-14,Male,26
449,By Fire-Arms,2009,60+,Male,26
426,By Fire-Arms,2007,45-59,Female,26
1720,By coming under running vehicles/trains,2005,0-14,Female,26
1026,By Jumping off Moving Vehicles/Trains,2007,45-59,Female,26
1123,By Machine,2005,15-29,Male,26
1153,By Machine,2008,15-29,Male,26
1539,By Overdose of sleeping pills,2010,60+,Male,26
1656,By Self Infliction of injury,2010,45-59,Female,26
1157,By Machine,2008,45-59,Male,26
1478,By Overdose of sleeping pills,2004,60+,Female,26
940,By Jumping from (Other sites),2011,0-14,Female,26
1432,By Over Alcoholism,2012,15-29,Female,26
798,By Jumping from (Building),2008,60+,Female,25
479,By Fire-Arms,2012,60+,Male,25
1558,By Overdose of sleeping pills,2012,60+,Female,25
1137,By Machine,2006,45-59,Male,25
1750,By coming under running vehicles/trains,2008,0-14,Female,25
1344,By Over Alcoholism,2003,30-44,Female,25
779,By Jumping from (Building),2006,60+,Male,24
1177,By Machine,2010,45-59,Male,24
1604,By Self Infliction of injury,2005,30-44,Female,24
1906,By touching electric wires,2011,45-59,Female,24
1334,By Over Alcoholism,2002,30-44,Female,24
1816,By touching electric wires,2002,45-59,Female,24
956,By Jumping from (Other sites),2012,45-59,Female,24
1614,By Self Infliction of injury,2006,30-44,Female,24
446,By Fire-Arms,2009,45-59,Female,24
1901,By touching electric wires,2011,0-14,Male,24
1826,By touching electric wires,2003,45-59,Female,24
1187,By Machine,2011,45-59,Male,24
889,By Jumping from (Other sites),2005,60+,Male,24
1406,By Over Alcoholism,2009,45-59,Female,24
1142,By Machine,2007,15-29,Female,23
1681,By coming under running vehicles/trains,2001,0-14,Male,23
1668,By Self Infliction of injury,2011,60+,Female,23
450,By Fire-Arms,2010,0-14,Female,23
1866,By touching electric wires,2007,45-59,Female,23
1679,By Self Infliction of injury,2012,60+,Male,23
1336,By Over Alcoholism,2002,45-59,Female,23
1016,By Jumping off Moving Vehicles/Trains,2006,45-59,Female,23
1691,By coming under running vehicles/trains,2002,0-14,Male,23
1163,By Machine,2009,15-29,Male,23
1639,By Self Infliction of injury,2008,60+,Male,23
1898,By touching electric wires,2010,60+,Female,23
396,By Fire-Arms,2004,45-59,Female,22
1859,By touching electric wires,2006,60+,Male,22
414,By Fire-Arms,2006,30-44,Female,22
399,By Fire-Arms,2004,60+,Male,22
916,By Jumping from (Other sites),2008,45-59,Female,22
1006,By Jumping off Moving Vehicles/Trains,2005,45-59,Female,22
898,By Jumping from (Other sites),2006,60+,Female,22
1711,By coming under running vehicles/trains,2004,0-14,Male,22
1730,By coming under running vehicles/trains,2006,0-14,Female,22
379,By Fire-Arms,2002,60+,Male,22
1721,By coming under running vehicles/trains,2005,0-14,Male,22
759,By Jumping from (Building),2004,60+,Male,22
369,By Fire-Arms,2001,60+,Male,22
871,By Jumping from (Other sites),2004,0-14,Male,22
1117,By Machine,2004,45-59,Male,22
464,By Fire-Arms,2011,30-44,Female,22
1588,By Self Infliction of injury,2003,60+,Female,22
1700,By coming under running vehicles/trains,2003,0-14,Female,21
409,By Fire-Arms,2005,60+,Male,21
1770,By coming under running vehicles/trains,2010,0-14,Female,21
1438,By Over Alcoholism,2012,60+,Female,21
876,By Jumping from (Other sites),2004,45-59,Female,21
851,By Jumping from (Other sites),2002,0-14,Male,21
1424,By Over Alcoholism,2011,30-44,Female,21
848,By Jumping from (Other sites),2001,60+,Female,21
1418,By Over Alcoholism,2010,60+,Female,21
841,By Jumping from (Other sites),2001,0-14,Male,21
1918,By touching electric wires,2012,60+,Female,21
1056,By Jumping off Moving Vehicles/Trains,2010,45-59,Female,21
800,By Jumping from (Building),2009,0-14,Female,21
1366,By Over Alcoholism,2005,45-59,Female,21
1346,By Over Alcoholism,2003,45-59,Female,20
1916,By touching electric wires,2012,45-59,Female,20
1076,By Jumping off Moving Vehicles/Trains,2012,45-59,Female,20
808,By Jumping from (Building),2009,60+,Female,20
1362,By Over Alcoholism,2005,15-29,Female,20
1831,By touching electric wires,2004,0-14,Male,20
850,By Jumping from (Other sites),2002,0-14,Female,19
1690,By coming under running vehicles/trains,2002,0-14,Female,19
1528,By Overdose of sleeping pills,2009,60+,Female,19
1760,By coming under running vehicles/trains,2009,0-14,Female,19
1408,By Over Alcoholism,2009,60+,Female,19
406,By Fire-Arms,2005,45-59,Female,19
1436,By Over Alcoholism,2012,45-59,Female,19
1193,By Machine,2012,15-29,Male,19
1342,By Over Alcoholism,2003,15-29,Female,19
1426,By Over Alcoholism,2011,45-59,Female,19
474,By Fire-Arms,2012,30-44,Female,19
412,By Fire-Arms,2006,15-29,Female,19
469,By Fire-Arms,2011,60+,Male,19
1414,By Over Alcoholism,2010,30-44,Female,19
1066,By Jumping off Moving Vehicles/Trains,2011,45-59,Female,19
948,By Jumping from (Other sites),2011,60+,Female,18
776,By Jumping from (Building),2006,45-59,Female,18
801,By Jumping from (Building),2009,0-14,Male,18
456,By Fire-Arms,2010,45-59,Female,18
1039,By Jumping off Moving Vehicles/Trains,2008,60+,Male,18
836,By Jumping from (Building),2012,45-59,Female,18
439,By Fire-Arms,2008,60+,Male,18
1147,By Machine,2007,45-59,Male,18
1638,By Self Infliction of injury,2008,60+,Female,18
1848,By touching electric wires,2005,60+,Female,18
738,By Jumping from (Building),2002,60+,Female,18
748,By Jumping from (Building),2003,60+,Female,17
1402,By Over Alcoholism,2009,15-29,Female,17
1801,By touching electric wires,2001,0-14,Male,17
1818,By touching electric wires,2002,60+,Female,17
1376,By Over Alcoholism,2006,45-59,Female,17
1619,By Self Infliction of injury,2006,60+,Male,17
1374,By Over Alcoholism,2006,30-44,Female,17
1566,By Self Infliction of injury,2001,45-59,Female,17
1011,By Jumping off Moving Vehicles/Trains,2006,0-14,Male,17
756,By Jumping from (Building),2004,45-59,Female,17
906,By Jumping from (Other sites),2007,45-59,Female,16
958,By Jumping from (Other sites),2012,60+,Female,16
840,By Jumping from (Other sites),2001,0-14,Female,16
436,By Fire-Arms,2008,45-59,Female,16
886,By Jumping from (Other sites),2005,45-59,Female,16
1636,By Self Infliction of injury,2008,45-59,Female,16
1354,By Over Alcoholism,2004,30-44,Female,16
1127,By Machine,2005,45-59,Male,16
1041,By Jumping off Moving Vehicles/Trains,2009,0-14,Male,16
386,By Fire-Arms,2003,45-59,Female,16
1880,By touching electric wires,2009,0-14,Female,16
1800,By touching electric wires,2001,0-14,Female,16
1548,By Overdose of sleeping pills,2011,60+,Female,16
780,By Jumping from (Building),2007,0-14,Female,16
1790,By coming under running vehicles/trains,2012,0-14,Female,16
730,By Jumping from (Building),2002,0-14,Female,16
1781,By coming under running vehicles/trains,2011,0-14,Male,16
928,By Jumping from (Other sites),2009,60+,Female,16
881,By Jumping from (Other sites),2005,0-14,Male,15
811,By Jumping from (Building),2010,0-14,Male,15
1422,By Over Alcoholism,2011,15-29,Female,15
951,By Jumping from (Other sites),2012,0-14,Male,15
1332,By Over Alcoholism,2002,15-29,Female,15
1156,By Machine,2008,45-59,Female,15
366,By Fire-Arms,2001,45-59,Female,15
1841,By touching electric wires,2005,0-14,Male,15
1538,By Overdose of sleeping pills,2010,60+,Female,15
1680,By coming under running vehicles/trains,2001,0-14,Female,15
1501,By Overdose of sleeping pills,2007,0-14,Male,15
389,By Fire-Arms,2003,60+,Male,15
1172,By Machine,2010,15-29,Female,15
781,By Jumping from (Building),2007,0-14,Male,14
986,By Jumping off Moving Vehicles/Trains,2003,45-59,Female,14
941,By Jumping from (Other sites),2011,0-14,Male,14
921,By Jumping from (Other sites),2009,0-14,Male,14
1851,By touching electric wires,2006,0-14,Male,14
1197,By Machine,2012,45-59,Male,14
1338,By Over Alcoholism,2002,60+,Female,14
1068,By Jumping off Moving Vehicles/Trains,2011,60+,Female,14
766,By Jumping from (Building),2005,45-59,Female,14
376,By Fire-Arms,2002,45-59,Female,13
1658,By Self Infliction of injury,2010,60+,Female,13
419,By Fire-Arms,2006,60+,Male,13
838,By Jumping from (Building),2012,60+,Female,13
891,By Jumping from (Other sites),2006,0-14,Male,13
721,By Jumping from (Building),2001,0-14,Male,13
1018,By Jumping off Moving Vehicles/Trains,2006,60+,Female,13
931,By Jumping from (Other sites),2010,0-14,Male,13
438,By Fire-Arms,2008,60+,Female,13
1830,By touching electric wires,2004,0-14,Female,13
820,By Jumping from (Building),2011,0-14,Female,13
996,By Jumping off Moving Vehicles/Trains,2004,45-59,Female,13
1048,By Jumping off Moving Vehicles/Trains,2009,60+,Female,13
1430,By Over Alcoholism,2012,0-14,Female,13
720,By Jumping from (Building),2001,0-14,Female,13
976,By Jumping off Moving Vehicles/Trains,2002,45-59,Female,13
361,By Fire-Arms,2001,0-14,Male,12
1028,By Jumping off Moving Vehicles/Trains,2007,60+,Female,12
1651,By Self Infliction of injury,2010,0-14,Male,12
1888,By touching electric wires,2009,60+,Female,12
930,By Jumping from (Other sites),2010,0-14,Female,12
1868,By touching electric wires,2007,60+,Female,12
1134,By Machine,2006,30-44,Female,12
1441,By Overdose of sleeping pills,2001,0-14,Male,11
1599,By Self Infliction of injury,2004,60+,Male,11
1856,By touching electric wires,2006,45-59,Female,11
1388,By Over Alcoholism,2007,60+,Female,11
1036,By Jumping off Moving Vehicles/Trains,2008,45-59,Female,11
1810,By touching electric wires,2002,0-14,Female,11
988,By Jumping off Moving Vehicles/Trains,2003,60+,Female,11
1328,By Over Alcoholism,2001,60+,Female,11
910,By Jumping from (Other sites),2008,0-14,Female,11
1791,By coming under running vehicles/trains,2012,0-14,Male,11
870,By Jumping from (Other sites),2004,0-14,Female,11
741,By Jumping from (Building),2003,0-14,Male,11
868,By Jumping from (Other sites),2003,60+,Female,10
768,By Jumping from (Building),2005,60+,Female,10
818,By Jumping from (Building),2010,60+,Female,10
1878,By touching electric wires,2008,60+,Female,10
416,By Fire-Arms,2006,45-59,Female,10
428,By Fire-Arms,2007,60+,Female,10
1890,By touching electric wires,2010,0-14,Female,10
960,By Jumping off Moving Vehicles/Trains,2001,0-14,Female,10
1174,By Machine,2010,30-44,Female,10
1008,By Jumping off Moving Vehicles/Trains,2005,60+,Female,10
1578,By Self Infliction of injury,2002,60+,Female,10
1561,By Self Infliction of injury,2001,0-14,Male,10
1450,By Overdose of sleeping pills,2002,0-14,Female,10
1058,By Jumping off Moving Vehicles/Trains,2010,60+,Female,10
1490,By Overdose of sleeping pills,2006,0-14,Female,10
1398,By Over Alcoholism,2008,60+,Female,10
1568,By Self Infliction of injury,2001,60+,Female,10
1372,By Over Alcoholism,2006,15-29,Female,10
1838,By touching electric wires,2004,60+,Female,9
828,By Jumping from (Building),2011,60+,Female,9
911,By Jumping from (Other sites),2008,0-14,Male,9
400,By Fire-Arms,2005,0-14,Female,9
978,By Jumping off Moving Vehicles/Trains,2002,60+,Female,9
1428,By Over Alcoholism,2011,60+,Female,9
1132,By Machine,2006,15-29,Female,9
788,By Jumping from (Building),2007,60+,Female,9
1550,By Overdose of sleeping pills,2012,0-14,Female,9
1609,By Self Infliction of injury,2005,60+,Male,9
1596,By Self Infliction of injury,2004,45-59,Female,9
1628,By Self Infliction of injury,2007,60+,Female,9
821,By Jumping from (Building),2011,0-14,Male,9
1182,By Machine,2011,15-29,Female,9
1051,By Jumping off Moving Vehicles/Trains,2010,0-14,Male,9
1650,By Self Infliction of injury,2010,0-14,Female,9
1710,By coming under running vehicles/trains,2004,0-14,Female,9
1491,By Overdose of sleeping pills,2006,0-14,Male,9
751,By Jumping from (Building),2004,0-14,Male,9
1050,By Jumping off Moving Vehicles/Trains,2010,0-14,Female,9
1840,By touching electric wires,2005,0-14,Female,9
371,By Fire-Arms,2002,0-14,Male,9
970,By Jumping off Moving Vehicles/Trains,2002,0-14,Female,8
968,By Jumping off Moving Vehicles/Trains,2001,60+,Female,8
971,By Jumping off Moving Vehicles/Trains,2002,0-14,Male,8
1071,By Jumping off Moving Vehicles/Trains,2012,0-14,Male,8
861,By Jumping from (Other sites),2003,0-14,Male,8
1078,By Jumping off Moving Vehicles/Trains,2012,60+,Female,8
1060,By Jumping off Moving Vehicles/Trains,2011,0-14,Female,8
810,By Jumping from (Building),2010,0-14,Female,8
380,By Fire-Arms,2003,0-14,Female,8
830,By Jumping from (Building),2012,0-14,Female,8
831,By Jumping from (Building),2012,0-14,Male,8
1070,By Jumping off Moving Vehicles/Trains,2012,0-14,Female,8
1511,By Overdose of sleeping pills,2008,0-14,Male,8
1611,By Self Infliction of injury,2006,0-14,Male,8
478,By Fire-Arms,2012,60+,Female,8
458,By Fire-Arms,2010,60+,Female,8
1820,By touching electric wires,2003,0-14,Female,8
1154,By Machine,2008,30-44,Female,8
900,By Jumping from (Other sites),2007,0-14,Female,8
466,By Fire-Arms,2011,45-59,Female,8
760,By Jumping from (Building),2005,0-14,Female,8
1189,By Machine,2011,60+,Male,8
476,By Fire-Arms,2012,45-59,Female,8
1606,By Self Infliction of injury,2005,45-59,Female,8
1908,By touching electric wires,2011,60+,Female,8
1356,By Over Alcoholism,2004,45-59,Female,8
1626,By Self Infliction of injury,2007,45-59,Female,8
888,By Jumping from (Other sites),2005,60+,Female,8
731,By Jumping from (Building),2002,0-14,Male,8
1828,By touching electric wires,2003,60+,Female,8
918,By Jumping from (Other sites),2008,60+,Female,8
1092,By Machine,2002,15-29,Female,8
1352,By Over Alcoholism,2004,15-29,Female,8
1040,By Jumping off Moving Vehicles/Trains,2009,0-14,Female,7
1368,By Over Alcoholism,2005,60+,Female,7
1378,By Over Alcoholism,2006,60+,Female,7
761,By Jumping from (Building),2005,0-14,Male,7
1348,By Over Alcoholism,2003,60+,Female,7
1440,By Overdose of sleeping pills,2001,0-14,Female,7
778,By Jumping from (Building),2006,60+,Female,7
1471,By Overdose of sleeping pills,2004,0-14,Male,7
1451,By Overdose of sleeping pills,2002,0-14,Male,7
1162,By Machine,2009,15-29,Female,7
1460,By Overdose of sleeping pills,2003,0-14,Female,7
740,By Jumping from (Building),2003,0-14,Female,7
1199,By Machine,2012,60+,Male,7
950,By Jumping from (Other sites),2012,0-14,Female,7
1184,By Machine,2011,30-44,Female,7
1670,By Self Infliction of injury,2012,0-14,Female,7
1900,By touching electric wires,2011,0-14,Female,7
901,By Jumping from (Other sites),2007,0-14,Male,7
1540,By Overdose of sleeping pills,2011,0-14,Female,7
920,By Jumping from (Other sites),2009,0-14,Female,7
1144,By Machine,2007,30-44,Female,6
1431,By Over Alcoholism,2012,0-14,Male,6
981,By Jumping off Moving Vehicles/Trains,2003,0-14,Male,6
1061,By Jumping off Moving Vehicles/Trains,2011,0-14,Male,6
1192,By Machine,2012,15-29,Female,6
1010,By Jumping off Moving Vehicles/Trains,2006,0-14,Female,6
440,By Fire-Arms,2009,0-14,Female,6
1520,By Overdose of sleeping pills,2009,0-14,Female,6
381,By Fire-Arms,2003,0-14,Male,6
1038,By Jumping off Moving Vehicles/Trains,2008,60+,Female,6
1646,By Self Infliction of injury,2009,45-59,Female,6
1146,By Machine,2007,45-59,Female,5
1870,By touching electric wires,2008,0-14,Female,5
391,By Fire-Arms,2004,0-14,Male,5
1020,By Jumping off Moving Vehicles/Trains,2007,0-14,Female,5
1600,By Self Infliction of injury,2005,0-14,Female,5
1186,By Machine,2011,45-59,Female,5
1109,By Machine,2003,60+,Male,5
420,By Fire-Arms,2007,0-14,Female,5
1136,By Machine,2006,45-59,Female,5
1341,By Over Alcoholism,2003,0-14,Male,5
1616,By Self Infliction of injury,2006,45-59,Female,5
908,By Jumping from (Other sites),2007,60+,Female,5
368,By Fire-Arms,2001,60+,Female,5
1149,By Machine,2007,60+,Male,5
1360,By Over Alcoholism,2005,0-14,Female,5
878,By Jumping from (Other sites),2004,60+,Female,5
448,By Fire-Arms,2009,60+,Female,5
1850,By touching electric wires,2006,0-14,Female,5
1021,By Jumping off Moving Vehicles/Trains,2007,0-14,Male,5
1780,By coming under running vehicles/trains,2011,0-14,Female,5
1081,By Machine,2001,0-14,Male,5
1176,By Machine,2010,45-59,Female,5
991,By Jumping off Moving Vehicles/Trains,2004,0-14,Male,5
1082,By Machine,2001,15-29,Female,5
1531,By Overdose of sleeping pills,2010,0-14,Male,5
1551,By Overdose of sleeping pills,2012,0-14,Male,5
990,By Jumping off Moving Vehicles/Trains,2004,0-14,Female,5
961,By Jumping off Moving Vehicles/Trains,2001,0-14,Male,5
791,By Jumping from (Building),2008,0-14,Male,5
1084,By Machine,2001,30-44,Female,5
1401,By Over Alcoholism,2009,0-14,Male,4
1470,By Overdose of sleeping pills,2004,0-14,Female,4
1191,By Machine,2012,0-14,Male,4
1179,By Machine,2010,60+,Male,4
1001,By Jumping off Moving Vehicles/Trains,2005,0-14,Male,4
1391,By Over Alcoholism,2008,0-14,Male,4
1860,By touching electric wires,2007,0-14,Female,4
770,By Jumping from (Building),2006,0-14,Female,4
1910,By touching electric wires,2012,0-14,Female,4
771,By Jumping from (Building),2006,0-14,Male,4
1500,By Overdose of sleeping pills,2007,0-14,Female,4
1194,By Machine,2012,30-44,Female,4
790,By Jumping from (Building),2008,0-14,Female,4
1371,By Over Alcoholism,2006,0-14,Male,4
1099,By Machine,2002,60+,Male,4
1164,By Machine,2009,30-44,Female,4
1648,By Self Infliction of injury,2009,60+,Female,4
750,By Jumping from (Building),2004,0-14,Female,4
390,By Fire-Arms,2004,0-14,Female,4
758,By Jumping from (Building),2004,60+,Female,4
1166,By Machine,2009,45-59,Female,4
1678,By Self Infliction of injury,2012,60+,Female,4
1124,By Machine,2005,30-44,Female,3
1858,By touching electric wires,2006,60+,Female,3
1618,By Self Infliction of injury,2006,60+,Female,3
1089,By Machine,2001,60+,Male,3
1481,By Overdose of sleeping pills,2005,0-14,Male,3
1361,By Over Alcoholism,2005,0-14,Male,3
998,By Jumping off Moving Vehicles/Trains,2004,60+,Female,3
441,By Fire-Arms,2009,0-14,Male,3
1630,By Self Infliction of injury,2008,0-14,Female,3
1031,By Jumping off Moving Vehicles/Trains,2008,0-14,Male,3
1030,By Jumping off Moving Vehicles/Trains,2008,0-14,Female,3
360,By Fire-Arms,2001,0-14,Female,3
431,By Fire-Arms,2008,0-14,Male,3
1660,By Self Infliction of injury,2011,0-14,Female,3
1080,By Machine,2001,0-14,Female,3
430,By Fire-Arms,2008,0-14,Female,3
1114,By Machine,2004,30-44,Female,3
1591,By Self Infliction of injury,2004,0-14,Male,3
1598,By Self Infliction of injury,2004,60+,Female,3
1159,By Machine,2008,60+,Male,3
890,By Jumping from (Other sites),2006,0-14,Female,3
1170,By Machine,2010,0-14,Female,3
410,By Fire-Arms,2006,0-14,Female,3
1094,By Machine,2002,30-44,Female,3
1112,By Machine,2004,15-29,Female,3
1571,By Self Infliction of injury,2002,0-14,Male,3
860,By Jumping from (Other sites),2003,0-14,Female,3
1116,By Machine,2004,45-59,Female,3
1340,By Over Alcoholism,2003,0-14,Female,3
1421,By Over Alcoholism,2011,0-14,Male,3
880,By Jumping from (Other sites),2005,0-14,Female,3
1181,By Machine,2011,0-14,Male,3
1169,By Machine,2009,60+,Male,3
1152,By Machine,2008,15-29,Female,3
1119,By Machine,2004,60+,Male,3
370,By Fire-Arms,2002,0-14,Female,2
398,By Fire-Arms,2004,60+,Female,2
421,By Fire-Arms,2007,0-14,Male,2
411,By Fire-Arms,2006,0-14,Male,2
388,By Fire-Arms,2003,60+,Female,2
1330,By Over Alcoholism,2002,0-14,Female,2
1158,By Machine,2008,60+,Female,2
1178,By Machine,2010,60+,Female,2
1188,By Machine,2011,60+,Female,2
1358,By Over Alcoholism,2004,60+,Female,2
408,By Fire-Arms,2005,60+,Female,2
1641,By Self Infliction of injury,2009,0-14,Male,2
1104,By Machine,2003,30-44,Female,2
1120,By Machine,2005,0-14,Female,2
1088,By Machine,2001,60+,Female,2
1521,By Overdose of sleeping pills,2009,0-14,Male,2
1090,By Machine,2002,0-14,Female,2
1102,By Machine,2003,15-29,Female,2
980,By Jumping off Moving Vehicles/Trains,2003,0-14,Female,2
470,By Fire-Arms,2012,0-14,Female,2
1560,By Self Infliction of injury,2001,0-14,Female,2
1570,By Self Infliction of injury,2002,0-14,Female,2
1580,By Self Infliction of injury,2003,0-14,Female,2
1091,By Machine,2002,0-14,Male,2
1111,By Machine,2004,0-14,Male,2
1671,By Self Infliction of injury,2012,0-14,Male,2
1610,By Self Infliction of injury,2006,0-14,Female,2
1661,By Self Infliction of injury,2011,0-14,Male,2
1620,By Self Infliction of injury,2007,0-14,Female,2
1631,By Self Infliction of injury,2008,0-14,Male,2
1101,By Machine,2003,0-14,Male,2
1139,By Machine,2006,60+,Male,2
460,By Fire-Arms,2011,0-14,Female,2
1461,By Overdose of sleeping pills,2003,0-14,Male,1
1168,By Machine,2009,60+,Female,1
1321,By Over Alcoholism,2001,0-14,Male,1
1171,By Machine,2010,0-14,Male,1
1161,By Machine,2009,0-14,Male,1
1086,By Machine,2001,45-59,Female,1
1480,By Overdose of sleeping pills,2005,0-14,Female,1
1510,By Overdose of sleeping pills,2008,0-14,Female,1
1530,By Overdose of sleeping pills,2010,0-14,Female,1
1541,By Overdose of sleeping pills,2011,0-14,Male,1
1180,By Machine,2011,0-14,Female,1
1590,By Self Infliction of injury,2004,0-14,Female,1
1601,By Self Infliction of injury,2005,0-14,Male,1
1608,By Self Infliction of injury,2005,60+,Female,1
1621,By Self Infliction of injury,2007,0-14,Male,1
1196,By Machine,2012,45-59,Female,1
1000,By Jumping off Moving Vehicles/Trains,2005,0-14,Female,1
1106,By Machine,2003,45-59,Female,1
451,By Fire-Arms,2010,0-14,Male,1
1350,By Over Alcoholism,2004,0-14,Female,1
1138,By Machine,2006,60+,Female,1
1400,By Over Alcoholism,2009,0-14,Female,1
1411,By Over Alcoholism,2010,0-14,Male,1
1122,By Machine,2005,15-29,Female,1
1131,By Machine,2006,0-14,Male,1
468,By Fire-Arms,2011,60+,Female,1
1420,By Over Alcoholism,2011,0-14,Female,1
1351,By Over Alcoholism,2004,0-14,Male,1
461,By Fire-Arms,2011,0-14,Male,1
1129,By Machine,2005,60+,Male,1
1581,By Self Infliction of injury,2003,0-14,Male,0
1128,By Machine,2005,60+,Female,0
1198,By Machine,2012,60+,Female,0
1160,By Machine,2009,0-14,Female,0
418,By Fire-Arms,2006,60+,Female,0
1390,By Over Alcoholism,2008,0-14,Female,0
1190,By Machine,2012,0-14,Female,0
1381,By Over Alcoholism,2007,0-14,Male,0
1380,By Over Alcoholism,2007,0-14,Female,0
1370,By Over Alcoholism,2006,0-14,Female,0
1640,By Self Infliction of injury,2009,0-14,Female,0
1130,By Machine,2006,0-14,Female,0
378,By Fire-Arms,2002,60+,Female,0
1148,By Machine,2007,60+,Female,0
1110,By Machine,2004,0-14,Female,0
1108,By Machine,2003,60+,Female,0
1331,By Over Alcoholism,2002,0-14,Male,0
1100,By Machine,2003,0-14,Female,0
1320,By Over Alcoholism,2001,0-14,Female,0
1098,By Machine,2002,60+,Female,0
1096,By Machine,2002,45-59,Female,0
471,By Fire-Arms,2012,0-14,Male,0
1126,By Machine,2005,45-59,Female,0
1118,By Machine,2004,60+,Female,0
1151,By Machine,2008,0-14,Male,0
1121,By Machine,2005,0-14,Male,0
1150,By Machine,2008,0-14,Female,0
1140,By Machine,2007,0-14,Female,0
1410,By Over Alcoholism,2010,0-14,Female,0
1141,By Machine,2007,0-14,Male,0
