Rk,Player,Nation,Pos,Squad,Age,Born,MP,Starts,Min,90s,Gls,Ast,G-PK,PK,PKatt,CrdY,CrdR,Gls,Ast,G+A,G-PK,G+A-PK,xG,npxG,xA,npxG+xA,xG,xA,xG+xA,npxG,npxG+xA
1,Max Aarons,ENG,DF,Norwich City,21,2000,34,32,2881,32.0,0,2,0,0,0,8,0,0.00,0.06,0.06,0.00,0.06,0.7,0.7,1.4,2.1,0.02,0.04,0.07,0.02,0.07
2,Che Adams,Scotland,FW,Southampton,25,1996,30,23,2039,22.7,7,3,7,0,0,0,0,0.31,0.13,0.44,0.31,0.44,7.1,7.1,2.6,9.7,0.31,0.12,0.43,0.31,0.43
3,Rayan Aït Nouri,France,DF,Wolves,20,2001,23,20,1828,20.3,1,2,1,0,0,4,0,0.05,0.10,0.15,0.05,0.15,0.7,0.7,1.3,2.1,0.04,0.07,0.10,0.04,0.10
4,Kristoffer Ajer,Norway,DF,Brentford,23,1998,24,23,1995,22.2,1,3,1,0,0,5,0,0.05,0.14,0.18,0.05,0.18,0.8,0.8,1.4,2.2,0.04,0.06,0.10,0.04,0.10
5,Nathan Aké,Netherlands,DF,Manchester City,26,1995,14,10,923,10.3,2,0,2,0,0,0,0,0.20,0.00,0.20,0.20,0.20,1.1,1.1,0.5,1.6,0.11,0.05,0.16,0.11,0.16
6,Marc Albrighton,ENG,FW/DF,Leicester City,31,1989,17,11,1132,12.6,1,2,1,0,0,3,0,0.08,0.16,0.24,0.08,0.24,0.5,0.5,1.7,2.2,0.04,0.13,0.18,0.04,0.18
7,Thiago Alcántara,Spain,MF,Liverpool,30,1991,25,17,1534,17.0,1,4,1,0,0,2,0,0.06,0.23,0.29,0.06,0.29,1.8,1.8,2.3,4.2,0.11,0.14,0.25,0.11,0.25
8,Trent Alexander-Arnold,ENG,DF,Liverpool,22,1998,32,32,2853,31.7,2,12,2,0,0,2,0,0.06,0.38,0.44,0.06,0.44,2.7,2.7,11.2,13.9,0.08,0.35,0.44,0.08,0.44
9,Alisson,Brazil,GK,Liverpool,28,1992,36,36,3240,36.0,0,1,0,0,0,0,0,0.00,0.03,0.03,0.00,0.03,0.0,0.0,0.4,0.4,0.00,0.01,0.01,0.00,0.01
10,Allan,Brazil,MF,Everton,30,1991,28,25,2183,24.3,0,2,0,0,0,7,1,0.00,0.08,0.08,0.00,0.08,0.2,0.2,0.9,1.1,0.01,0.04,0.04,0.01,0.04
11,Dele Alli,ENG,MF/FW,Tottenham,25,1996,10,8,657,7.3,1,0,0,1,1,1,0,0.14,0.00,0.14,0.00,0.00,1.5,0.7,0.8,1.5,0.20,0.11,0.31,0.10,0.21
12,Dele Alli,ENG,MF,Everton,25,1996,11,1,338,3.8,0,0,0,0,0,3,0,0.00,0.00,0.00,0.00,0.00,0.1,0.1,0.3,0.4,0.02,0.09,0.11,0.02,0.11
13,Miguel Almirón,PAR,MF/FW,Newcastle Utd,27,1994,30,19,1716,19.1,1,0,1,0,0,2,0,0.05,0.00,0.05,0.05,0.05,2.1,2.1,0.7,2.7,0.11,0.03,0.14,0.11,0.14
14,Marcos Alonso,Spain,DF,Chelsea,30,1990,28,25,2167,24.1,4,4,4,0,0,8,0,0.17,0.17,0.33,0.17,0.33,3.3,3.3,4.6,7.9,0.14,0.19,0.33,0.14,0.33
15,Steven Alzate,Colombia,MF,Brighton,22,1998,9,5,404,4.5,0,0,0,0,0,0,0,0.00,0.00,0.00,0.00,0.00,0.1,0.1,0.2,0.3,0.02,0.04,0.06,0.02,0.06
16,Daniel Amartey,Ghana,DF,Leicester City,26,1994,28,23,2123,23.6,0,0,0,0,0,4,0,0.00,0.00,0.00,0.00,0.00,0.0,0.0,0.2,0.2,0.00,0.01,0.01,0.00,0.01
17,Joachim Andersen,Denmark,DF,Crystal Palace,25,1996,34,32,2916,32.4,0,3,0,0,0,4,0,0.00,0.09,0.09,0.00,0.09,0.6,0.6,1.8,2.3,0.02,0.05,0.07,0.02,0.07
18,Michail Antonio,JAM,FW,West Ham,31,1990,36,34,2971,33.0,10,8,10,0,1,8,1,0.30,0.24,0.55,0.30,0.55,11.1,10.8,6.6,17.5,0.34,0.20,0.54,0.33,0.53
19,Cameron Archer,ENG,MF/FW,Aston Villa,19,2001,3,0,27,0.3,0,0,0,0,0,0,0,0.00,0.00,0.00,0.00,0.00,0.0,0.0,0.0,0.0,0.07,0.00,0.07,0.07,0.07
20,Alphonse Areola,France,GK,West Ham,28,1993,1,1,90,1.0,0,0,0,0,0,0,0,0.00,0.00,0.00,0.00,0.00,0.0,0.0,0.0,0.0,0.00,0.00,0.00,0.00,0.00
21,Adam Armstrong,ENG,FW,Southampton,24,1997,23,17,1413,15.7,2,2,2,0,0,1,0,0.13,0.13,0.25,0.13,0.25,4.3,4.3,1.7,6.0,0.27,0.11,0.38,0.27,0.38
22,Stuart Armstrong,Scotland,MF,Southampton,29,1992,25,15,1473,16.4,2,0,2,0,0,1,0,0.12,0.00,0.12,0.12,0.12,2.8,2.8,1.4,4.1,0.17,0.08,0.25,0.17,0.25
23,Kepa Arrizabalaga,Spain,GK,Chelsea,26,1994,4,4,360,4.0,0,0,0,0,0,0,0,0.00,0.00,0.00,0.00,0.00,0.0,0.0,0.0,0.0,0.00,0.00,0.00,0.00,0.00
24,Harrison Ashby,Scotland,DF,West Ham,19,2001,1,0,7,0.1,0,0,0,0,0,0,0,0.00,0.00,0.00,0.00,0.00,0.0,0.0,0.0,0.0,0.00,0.00,0.00,0.00,0.00
25,Pierre-Emerick Aubameyang,GAB,FW,Arsenal,32,1989,14,12,1037,11.5,4,1,4,0,2,3,0,0.35,0.09,0.43,0.35,0.43,5.8,4.1,0.8,5.0,0.50,0.07,0.57,0.36,0.43
26,Jordan Ayew,Ghana,FW,Crystal Palace,29,1991,31,23,2019,22.4,3,3,3,0,0,2,0,0.13,0.13,0.27,0.13,0.27,3.7,3.7,2.3,6.1,0.17,0.10,0.27,0.17,0.27
27,Luke Ayling,ENG,DF,Leeds United,29,1991,26,26,2272,25.2,2,2,2,0,0,4,1,0.08,0.08,0.16,0.08,0.16,1.6,1.6,0.8,2.4,0.06,0.03,0.10,0.06,0.10
28,César Azpilicueta,Spain,DF,Chelsea,31,1989,27,24,2070,23.0,1,2,1,0,0,3,0,0.04,0.09,0.13,0.04,0.13,1.2,1.2,2.1,3.3,0.05,0.09,0.14,0.05,0.14
29,Daniel Bachmann,AUT,GK,Watford,27,1994,12,12,1080,12.0,0,0,0,0,0,0,0,0.00,0.00,0.00,0.00,0.00,0.0,0.0,0.0,0.0,0.00,0.00,0.00,0.00,0.00
30,Leon Bailey,JAM,FW/MF,Aston Villa,23,1997,18,7,761,8.5,1,2,1,0,0,3,0,0.12,0.24,0.35,0.12,0.35,1.6,1.6,0.6,2.2,0.19,0.07,0.26,0.19,0.26
31,Eric Bailly,Ivory Coast,DF,Manchester Utd,27,1994,4,3,217,2.4,0,0,0,0,0,1,0,0.00,0.00,0.00,0.00,0.00,0.0,0.0,0.0,0.0,0.00,0.00,0.00,0.00,0.00
32,Folarin Balogun,ENG,FW,Arsenal,20,2001,2,1,70,0.8,0,0,0,0,0,0,0,0.00,0.00,0.00,0.00,0.00,0.3,0.3,0.0,0.3,0.35,0.00,0.35,0.35,0.35
33,Patrick Bamford,ENG,FW,Leeds United,27,1993,9,7,559,6.2,2,2,2,0,0,2,0,0.32,0.32,0.64,0.32,0.64,3.9,3.9,1.0,4.9,0.63,0.15,0.78,0.63,0.78
34,Shandon Baptiste,GRN,MF,Brentford,23,1998,22,9,910,10.1,1,1,1,0,0,2,1,0.10,0.10,0.20,0.10,0.20,0.7,0.7,0.5,1.2,0.07,0.05,0.12,0.07,0.12
35,Ross Barkley,ENG,MF,Chelsea,27,1993,6,1,179,2.0,1,0,1,0,0,0,0,0.50,0.00,0.50,0.50,0.50,1.2,1.2,0.7,1.9,0.60,0.33,0.94,0.60,0.94
36,Ashley Barnes,ENG,FW,Burnley,31,1989,23,8,808,9.0,1,0,0,1,1,4,0,0.11,0.00,0.11,0.00,0.00,1.8,1.0,1.6,2.6,0.20,0.18,0.38,0.11,0.29
37,Harvey Barnes,ENG,FW/MF,Leicester City,23,1997,32,24,2101,23.3,6,10,6,0,0,2,0,0.26,0.43,0.69,0.26,0.69,6.8,6.8,4.0,10.8,0.29,0.17,0.46,0.29,0.46
38,Lewis Bate,ENG,MF,Leeds United,18,2002,3,1,146,1.6,0,0,0,0,0,0,0,0.00,0.00,0.00,0.00,0.00,0.0,0.0,0.0,0.0,0.01,0.00,0.01,0.01,0.01
39,Mads Bech Sørensen,Denmark,DF,Brentford,22,1999,11,9,835,9.3,0,0,0,0,0,3,0,0.00,0.00,0.00,0.00,0.00,0.1,0.1,0.4,0.5,0.01,0.04,0.05,0.01,0.05
40,Jan Bednarek,Poland,DF,Southampton,25,1996,31,30,2629,29.2,4,0,4,0,0,10,0,0.14,0.00,0.14,0.14,0.14,2.4,2.4,0.6,3.0,0.08,0.02,0.10,0.08,0.10
41,Donny van de Beek,Netherlands,MF,Manchester Utd,24,1997,8,0,75,0.8,1,0,1,0,0,0,0,1.20,0.00,1.20,1.20,1.20,0.7,0.7,0.5,1.2,0.88,0.58,1.46,0.88,1.46
42,Donny van de Beek,Netherlands,MF,Everton,24,1997,7,5,483,5.4,1,0,1,0,0,1,0,0.19,0.00,0.19,0.19,0.19,0.9,0.9,0.1,1.0,0.17,0.01,0.18,0.17,0.18
43,Asmir Begović,BIH,GK,Everton,34,1987,3,3,270,3.0,0,0,0,0,0,0,0,0.00,0.00,0.00,0.00,0.00,0.0,0.0,0.0,0.0,0.00,0.00,0.00,0.00,0.00
44,Saïd Benrahma,Algeria,FW/MF,West Ham,25,1995,32,26,2168,24.1,8,6,8,0,0,0,0,0.33,0.25,0.58,0.33,0.58,5.1,5.1,3.2,8.3,0.21,0.13,0.35,0.21,0.35
45,Rodrigo Bentancur,Uruguay,MF,Tottenham,24,1997,17,16,1361,15.1,0,4,0,0,0,5,0,0.00,0.26,0.26,0.00,0.26,0.9,0.9,2.3,3.2,0.06,0.15,0.21,0.06,0.21
46,Christian Benteke,Belgium,FW,Crystal Palace,30,1990,25,11,1145,12.7,4,1,4,0,0,3,0,0.31,0.08,0.39,0.31,0.39,5.4,5.4,1.1,6.5,0.42,0.09,0.51,0.42,0.51
47,Jóhann Berg Guðmundsson,ISL,MF,Burnley,30,1990,18,13,1102,12.2,0,1,0,0,0,2,0,0.00,0.08,0.08,0.00,0.08,1.7,1.7,0.3,2.0,0.14,0.03,0.16,0.14,0.16
48,Steven Bergwijn,Netherlands,FW/MF,Tottenham,23,1997,25,4,565,6.3,3,1,3,0,0,1,0,0.48,0.16,0.64,0.48,0.64,3.1,3.1,0.7,3.7,0.49,0.11,0.59,0.49,0.59
49,Ryan Bertrand,ENG,DF,Leicester City,31,1989,4,4,337,3.7,0,0,0,0,0,1,0,0.00,0.00,0.00,0.00,0.00,0.0,0.0,0.3,0.3,0.00,0.08,0.08,0.00,0.08
50,Mads Bidstrup,Denmark,MF,Brentford,20,2001,4,0,41,0.5,0,0,0,0,0,0,0,0.00,0.00,0.00,0.00,0.00,0.0,0.0,0.0,0.0,0.00,0.00,0.00,0.00,0.00
51,Yves Bissouma,MLI,MF,Brighton,24,1996,26,25,2111,23.5,1,2,1,0,0,10,0,0.04,0.09,0.13,0.04,0.13,0.9,0.9,0.8,1.7,0.04,0.03,0.07,0.04,0.07
52,Willy Boly,Ivory Coast,DF,Wolves,30,1991,10,10,900,10.0,0,0,0,0,0,1,0,0.00,0.00,0.00,0.00,0.00,0.2,0.2,0.1,0.3,0.02,0.01,0.03,0.02,0.03
53,Jarrod Bowen,ENG,FW,West Ham,24,1996,36,34,2983,33.1,12,10,12,0,0,6,0,0.36,0.30,0.66,0.36,0.66,11.1,11.1,5.7,16.8,0.34,0.17,0.51,0.34,0.51
54,Jarrad Branthwaite,ENG,DF,Everton,19,2002,6,4,388,4.3,1,0,1,0,0,0,1,0.23,0.00,0.23,0.23,0.23,0.4,0.4,0.0,0.4,0.10,0.00,0.10,0.10,0.10
55,Armando Broja,ALB,FW,Southampton,19,2001,32,21,1975,21.9,6,0,6,0,0,2,0,0.27,0.00,0.27,0.27,0.27,7.0,7.0,1.3,8.4,0.32,0.06,0.38,0.32,0.38
56,Josh Brownhill,ENG,MF,Burnley,25,1995,35,32,2955,32.8,2,3,2,0,0,10,0,0.06,0.09,0.15,0.06,0.15,1.4,1.4,2.5,3.9,0.04,0.08,0.12,0.04,0.12
57,Lewis Brunt,ENG,MF,Leicester City,20,2000,1,0,24,0.3,0,0,0,0,0,0,0,0.00,0.00,0.00,0.00,0.00,0.0,0.0,0.0,0.0,0.00,0.00,0.00,0.00,0.00
58,Bryan,Spain,FW/MF,Tottenham,20,2001,9,0,94,1.0,0,0,0,0,0,0,0,0.00,0.00,0.00,0.00,0.00,0.0,0.0,0.1,0.1,0.03,0.07,0.10,0.03,0.10
59,Emi Buendía,Argentina,FW/MF,Aston Villa,24,1996,35,22,1899,21.1,4,6,4,0,0,1,0,0.19,0.28,0.47,0.19,0.47,3.1,3.1,5.5,8.6,0.14,0.26,0.41,0.14,0.41
60,Dan Burn,ENG,DF,Newcastle Utd,29,1992,16,16,1440,16.0,0,1,0,0,0,4,0,0.00,0.06,0.06,0.00,0.06,0.5,0.5,0.1,0.6,0.03,0.01,0.04,0.03,0.04
61,Dan Burn,ENG,DF,Brighton,29,1992,13,12,1022,11.4,1,0,1,0,0,4,0,0.09,0.00,0.09,0.09,0.09,1.3,1.3,0.0,1.3,0.11,0.00,0.12,0.11,0.12
62,Jack Butland,ENG,GK,Crystal Palace,28,1993,9,8,765,8.5,0,0,0,0,0,0,0,0.00,0.00,0.00,0.00,0.00,0.0,0.0,0.0,0.0,0.00,0.00,0.00,0.00,0.00
63,Sam Byram,ENG,DF,Norwich City,27,1993,15,11,1027,11.4,0,0,0,0,0,3,0,0.00,0.00,0.00,0.00,0.00,0.9,0.9,0.2,1.1,0.08,0.02,0.10,0.08,0.10
64,Willy Caballero,Argentina,GK,Southampton,39,1981,2,2,180,2.0,0,0,0,0,0,1,0,0.00,0.00,0.00,0.00,0.00,0.0,0.0,0.0,0.0,0.00,0.00,0.00,0.00,0.00
65,Moisés Caicedo,ECU,MF,Brighton,19,2001,8,8,660,7.3,1,1,1,0,0,2,0,0.14,0.14,0.27,0.14,0.27,0.8,0.8,0.4,1.1,0.10,0.05,0.16,0.10,0.16
66,Dominic Calvert-Lewin,ENG,FW,Everton,24,1997,17,15,1283,14.3,5,2,3,2,3,2,0,0.35,0.14,0.49,0.21,0.35,6.8,4.6,1.8,6.4,0.48,0.13,0.61,0.32,0.45
67,Chem Campbell,Wales,MF,Wolves,18,2002,1,0,13,0.1,0,0,0,0,0,0,0,0.00,0.00,0.00,0.00,0.00,0.0,0.0,0.0,0.0,0.00,0.00,0.00,0.00,0.00
68,João Cancelo,Portugal,DF,Manchester City,27,1994,36,36,3227,35.9,1,7,1,0,0,7,0,0.03,0.20,0.22,0.03,0.22,4.1,4.1,5.1,9.3,0.12,0.14,0.26,0.12,0.26
69,Sergi Canós,Spain,DF,Brentford,24,1997,31,25,2083,23.1,3,2,3,0,0,8,1,0.13,0.09,0.22,0.13,0.22,3.0,3.0,1.9,4.9,0.13,0.08,0.21,0.13,0.21
70,Todd Cantwell,ENG,FW/MF,Norwich City,23,1998,8,5,441,4.9,0,0,0,0,0,2,0,0.00,0.00,0.00,0.00,0.00,0.2,0.2,0.2,0.4,0.03,0.04,0.07,0.03,0.07
71,Matty Cash,Poland,DF,Aston Villa,23,1997,38,38,3377,37.5,4,3,4,0,0,8,0,0.11,0.08,0.19,0.11,0.19,2.4,2.4,1.9,4.4,0.07,0.05,0.12,0.07,0.12
72,Timothy Castagne,Belgium,DF,Leicester City,25,1995,27,22,2127,23.6,1,0,1,0,0,1,0,0.04,0.00,0.04,0.04,0.04,0.8,0.8,1.3,2.1,0.03,0.05,0.09,0.03,0.09
73,Jonny Castro,Spain,DF,Wolves,27,1994,13,10,1024,11.4,2,0,2,0,0,1,0,0.18,0.00,0.18,0.18,0.18,0.8,0.8,1.2,2.0,0.07,0.10,0.17,0.07,0.17
74,Craig Cathcart,NIR,DF,Watford,32,1989,31,27,2396,26.6,0,1,0,0,0,3,0,0.00,0.04,0.04,0.00,0.04,0.1,0.1,0.3,0.5,0.00,0.01,0.02,0.00,0.02
75,Edinson Cavani,Uruguay,FW,Manchester Utd,34,1987,15,7,766,8.5,2,1,2,0,0,0,0,0.23,0.12,0.35,0.23,0.35,3.4,3.4,1.4,4.7,0.39,0.16,0.55,0.39,0.55
76,Kayky Chagas,Brazil,FW,Manchester City,18,2003,1,0,7,0.1,0,0,0,0,0,0,0,0.00,0.00,0.00,0.00,0.00,0.0,0.0,0.0,0.0,0.00,0.00,0.00,0.00,0.00
77,Trevoh Chalobah,ENG,DF,Chelsea,22,1999,20,17,1449,16.1,3,1,3,0,0,2,0,0.19,0.06,0.25,0.19,0.25,1.0,1.0,0.2,1.2,0.06,0.01,0.08,0.06,0.08
78,Calum Chambers,ENG,DF,Arsenal,26,1995,2,2,170,1.9,0,0,0,0,0,0,0,0.00,0.00,0.00,0.00,0.00,0.1,0.1,0.1,0.1,0.05,0.03,0.07,0.05,0.07
79,Calum Chambers,ENG,DF,Aston Villa,26,1995,11,9,831,9.2,1,0,1,0,0,1,0,0.11,0.00,0.11,0.11,0.11,0.2,0.2,0.1,0.4,0.02,0.01,0.04,0.02,0.04
80,Daniel Chesters,ENG,MF,West Ham,19,2002,1,0,1,0.0,0,0,0,0,0,0,0,0.00,0.00,0.00,0.00,0.00,0.0,0.0,0.0,0.0,0.00,0.00,0.00,0.00,0.00
81,Ben Chilwell,ENG,DF,Chelsea,24,1996,7,6,542,6.0,3,1,3,0,0,0,0,0.50,0.17,0.66,0.50,0.66,1.2,1.2,0.9,2.1,0.19,0.15,0.34,0.19,0.34
82,Chiquinho,Portugal,DF/MF,Wolves,21,2000,8,1,208,2.3,0,3,0,0,0,0,0,0.00,1.30,1.30,0.00,1.30,0.3,0.3,0.6,0.9,0.13,0.27,0.41,0.13,0.41
83,Hamza Choudhury,ENG,DF/MF,Leicester City,23,1997,6,4,285,3.2,0,0,0,0,0,1,0,0.00,0.00,0.00,0.00,0.00,0.0,0.0,0.0,0.0,0.01,0.00,0.01,0.01,0.01
84,Andreas Christensen,Denmark,DF,Chelsea,25,1996,19,17,1496,16.6,0,0,0,0,0,2,0,0.00,0.00,0.00,0.00,0.00,0.4,0.4,0.2,0.7,0.03,0.01,0.04,0.03,0.04
85,Carney Chukwuemeka,ENG,MF/FW,Aston Villa,17,2003,12,2,301,3.3,0,1,0,0,0,0,0,0.00,0.30,0.30,0.00,0.30,0.6,0.6,1.0,1.5,0.17,0.29,0.46,0.17,0.46
86,Ciaran Clark,Ireland,DF,Newcastle Utd,31,1989,13,12,1014,11.3,0,1,0,0,0,2,1,0.00,0.09,0.09,0.00,0.09,0.8,0.8,0.3,1.1,0.07,0.03,0.10,0.07,0.10
87,Tom Cleverley,ENG,MF,Watford,31,1989,28,20,1616,18.0,0,2,0,0,0,2,0,0.00,0.11,0.11,0.00,0.11,0.8,0.8,2.0,2.9,0.05,0.11,0.16,0.05,0.16
88,Nathaniel Clyne,ENG,DF,Crystal Palace,30,1991,16,15,1351,15.0,0,1,0,0,0,1,0,0.00,0.07,0.07,0.00,0.07,0.1,0.1,0.5,0.6,0.01,0.03,0.04,0.01,0.04
89,Conor Coady,ENG,DF,Wolves,28,1993,38,38,3361,37.3,4,0,4,0,0,4,0,0.11,0.00,0.11,0.11,0.11,2.0,2.0,0.0,2.0,0.05,0.00,0.05,0.05,0.05
90,Séamus Coleman,Ireland,DF,Everton,32,1988,30,30,2656,29.5,1,0,1,0,0,4,0,0.03,0.00,0.03,0.03,0.03,1.0,1.0,1.1,2.1,0.03,0.04,0.07,0.03,0.07
91,Nathan Collins,Ireland,DF,Burnley,20,2001,19,18,1670,18.6,2,0,2,0,0,2,1,0.11,0.00,0.11,0.11,0.11,1.6,1.6,0.9,2.5,0.08,0.05,0.14,0.08,0.14
92,Aaron Connolly,Ireland,FW,Brighton,21,2000,4,1,156,1.7,0,0,0,0,0,0,0,0.00,0.00,0.00,0.00,0.00,0.5,0.5,0.4,0.8,0.26,0.20,0.47,0.26,0.47
93,Liam Cooper,Scotland,DF,Leeds United,29,1991,21,21,1814,20.2,0,1,0,0,0,5,0,0.00,0.05,0.05,0.00,0.05,0.3,0.3,0.1,0.4,0.02,0.00,0.02,0.02,0.02
94,Jack Cork,ENG,MF,Burnley,32,1989,20,20,1670,18.6,1,0,1,0,0,4,0,0.05,0.00,0.05,0.05,0.05,0.8,0.8,0.1,0.9,0.04,0.01,0.05,0.04,0.05
95,Maxwel Cornet,Ivory Coast,FW/MF,Burnley,24,1996,26,21,1766,19.6,9,1,9,0,1,2,0,0.46,0.05,0.51,0.46,0.51,6.7,5.9,1.5,7.4,0.34,0.07,0.42,0.30,0.38
96,Hélder Costa,ANG,MF,Leeds United,27,1994,1,0,22,0.2,0,0,0,0,0,0,0,0.00,0.00,0.00,0.00,0.00,0.0,0.0,0.0,0.0,0.11,0.00,0.11,0.11,0.11
97,Vladimír Coufal,CZE,DF,West Ham,28,1992,28,25,2209,24.5,0,4,0,0,0,5,1,0.00,0.16,0.16,0.00,0.16,0.6,0.6,2.4,3.0,0.02,0.10,0.12,0.02,0.12
98,Philippe Coutinho,Brazil,MF/FW,Aston Villa,29,1992,19,16,1329,14.8,5,3,5,0,0,0,0,0.34,0.20,0.54,0.34,0.54,3.7,3.7,3.2,6.9,0.25,0.22,0.47,0.25,0.47
99,Aaron Cresswell,ENG,DF,West Ham,31,1989,31,31,2726,30.3,2,3,2,0,0,3,0,0.07,0.10,0.17,0.07,0.17,1.1,1.1,3.2,4.3,0.04,0.11,0.14,0.04,0.14
100,Charlie Cresswell,ENG,DF,Leeds United,18,2002,5,1,141,1.6,0,0,0,0,0,1,0,0.00,0.00,0.00,0.00,0.00,0.1,0.1,0.0,0.1,0.05,0.00,0.05,0.05,0.05
101,Cucho,Colombia,FW/MF,Watford,22,1999,25,11,1147,12.7,5,2,5,0,0,3,0,0.39,0.16,0.55,0.39,0.55,2.5,2.5,1.9,4.4,0.20,0.15,0.35,0.20,0.35
102,Marc Cucurella,Spain,DF,Brighton,23,1998,35,35,3089,34.3,1,1,1,0,0,6,0,0.03,0.03,0.06,0.03,0.06,0.7,0.7,2.7,3.4,0.02,0.08,0.10,0.02,0.10
103,Luke Cundle,ENG,MF,Wolves,19,2002,4,2,180,2.0,0,0,0,0,0,0,0,0.00,0.00,0.00,0.00,0.00,0.0,0.0,0.2,0.2,0.00,0.12,0.12,0.00,0.12
104,Patson Daka,ZAM,FW,Leicester City,22,1998,23,13,1159,12.9,5,3,5,0,0,2,0,0.39,0.23,0.62,0.39,0.62,4.7,4.7,1.8,6.5,0.36,0.14,0.51,0.36,0.51
105,Stuart Dallas,NIR,DF/MF,Leeds United,30,1991,34,34,2919,32.4,1,1,1,0,0,5,0,0.03,0.03,0.06,0.03,0.06,2.0,2.0,2.4,4.3,0.06,0.07,0.13,0.06,0.13
106,Diogo Dalot,Portugal,DF,Manchester Utd,22,1999,24,19,1801,20.0,0,0,0,0,0,4,0,0.00,0.00,0.00,0.00,0.00,0.7,0.7,1.0,1.7,0.03,0.05,0.08,0.03,0.08
107,Karl Darlow,ENG,GK,Newcastle Utd,30,1990,8,8,720,8.0,0,0,0,0,0,1,0,0.00,0.00,0.00,0.00,0.00,0.0,0.0,0.0,0.0,0.00,0.00,0.00,0.00,0.00
108,Josh Dasilva,ENG,MF/FW,Brentford,22,1998,9,2,257,2.9,0,0,0,0,0,0,1,0.00,0.00,0.00,0.00,0.00,0.0,0.0,0.1,0.2,0.02,0.04,0.05,0.02,0.05
109,Ben Davies,Wales,DF,Tottenham,28,1993,29,28,2538,28.2,1,1,1,0,0,6,0,0.04,0.04,0.07,0.04,0.07,1.8,1.8,0.6,2.3,0.06,0.02,0.08,0.06,0.08
110,Tom Davies,ENG,MF,Everton,23,1998,6,2,234,2.6,1,0,1,0,0,1,0,0.38,0.00,0.38,0.38,0.38,0.9,0.9,0.0,0.9,0.35,0.00,0.35,0.35,0.35
111,Keinan Davis,ENG,FW,Aston Villa,23,1998,1,0,12,0.1,0,0,0,0,0,0,0,0.00,0.00,0.00,0.00,0.00,0.0,0.0,0.0,0.0,0.00,0.00,0.00,0.00,0.00
112,Craig Dawson,ENG,DF,West Ham,31,1990,34,30,2754,30.6,2,2,2,0,0,5,1,0.07,0.07,0.13,0.07,0.13,2.9,2.9,0.5,3.3,0.09,0.01,0.11,0.09,0.11
113,Kevin De Bruyne,Belgium,MF,Manchester City,30,1991,30,25,2201,24.5,15,8,15,0,0,2,0,0.61,0.33,0.94,0.61,0.94,6.4,6.4,9.5,15.9,0.26,0.39,0.65,0.26,0.65
114,Troy Deeney,ENG,FW,Watford,33,1988,2,0,25,0.3,0,0,0,0,0,0,0,0.00,0.00,0.00,0.00,0.00,0.4,0.4,0.1,0.5,1.45,0.32,1.77,1.45,1.77
115,Liam Delap,ENG,FW,Manchester City,18,2003,1,0,10,0.1,0,0,0,0,0,0,0,0.00,0.00,0.00,0.00,0.00,0.0,0.0,0.0,0.0,0.00,0.00,0.00,0.00,0.00
116,Fabian Delph,ENG,MF,Everton,31,1989,11,8,662,7.4,0,0,0,0,0,2,0,0.00,0.00,0.00,0.00,0.00,0.0,0.0,0.1,0.1,0.01,0.01,0.02,0.01,0.02
117,Leander Dendoncker,Belgium,MF,Wolves,26,1995,30,21,1950,21.7,2,2,2,0,0,4,0,0.09,0.09,0.18,0.09,0.18,2.6,2.6,1.0,3.6,0.12,0.05,0.16,0.12,0.16
118,Emmanuel Dennis,Nigeria,FW/MF,Watford,23,1997,33,30,2581,28.7,10,6,10,0,0,9,1,0.35,0.21,0.56,0.35,0.56,7.5,7.5,3.2,10.7,0.26,0.11,0.37,0.26,0.37
119,Kiernan Dewsbury-Hall,ENG,MF,Leicester City,22,1998,28,23,2105,23.4,1,2,1,0,0,4,0,0.04,0.09,0.13,0.04,0.13,1.3,1.3,3.0,4.3,0.06,0.13,0.18,0.06,0.18
120,Ibrahima Diallo,France,MF,Southampton,22,1999,23,10,1023,11.4,0,2,0,0,0,1,0,0.00,0.18,0.18,0.00,0.18,0.5,0.5,1.0,1.4,0.04,0.09,0.13,0.04,0.13
121,Rúben Dias,Portugal,DF,Manchester City,24,1997,29,27,2402,26.7,2,4,2,0,0,5,0,0.07,0.15,0.22,0.07,0.22,2.2,2.2,2.4,4.6,0.08,0.09,0.17,0.08,0.17
122,Luis Díaz,Colombia,FW,Liverpool,24,1997,13,11,958,10.6,4,3,4,0,0,0,0,0.38,0.28,0.66,0.38,0.66,4.5,4.5,1.8,6.3,0.42,0.17,0.59,0.42,0.59
123,Eric Dier,ENG,DF,Tottenham,27,1994,35,35,3071,34.1,0,0,0,0,0,1,0,0.00,0.00,0.00,0.00,0.00,1.0,1.0,1.4,2.4,0.03,0.04,0.07,0.03,0.07
124,Lucas Digne,France,DF,Aston Villa,28,1993,16,16,1269,14.1,0,4,0,0,0,2,0,0.00,0.28,0.28,0.00,0.28,0.6,0.6,2.0,2.6,0.04,0.14,0.18,0.04,0.18
125,Lucas Digne,France,DF,Everton,28,1993,13,13,1170,13.0,0,0,0,0,0,4,0,0.00,0.00,0.00,0.00,0.00,0.4,0.4,1.7,2.1,0.03,0.13,0.16,0.03,0.16
126,Issa Diop,France,DF,West Ham,24,1997,13,10,963,10.7,0,1,0,0,0,0,0,0.00,0.09,0.09,0.00,0.09,0.1,0.1,0.1,0.3,0.01,0.01,0.02,0.01,0.02
127,Moussa Djenepo,MLI,MF,Southampton,23,1998,12,5,457,5.1,0,0,0,0,0,3,0,0.00,0.00,0.00,0.00,0.00,1.5,1.5,0.2,1.7,0.30,0.05,0.34,0.30,0.34
128,Lewis Dobbin,ENG,FW/MF,Everton,18,2003,3,0,32,0.4,0,0,0,0,0,1,0,0.00,0.00,0.00,0.00,0.00,0.0,0.0,0.0,0.0,0.00,0.00,0.00,0.00,0.00
129,Matt Doherty,Ireland,DF,Tottenham,29,1992,15,9,875,9.7,2,4,2,0,0,0,0,0.21,0.41,0.62,0.21,0.62,2.5,2.5,1.8,4.3,0.26,0.18,0.44,0.26,0.44
130,Gabriel Dos Santos,Brazil,DF,Arsenal,23,1997,35,35,3063,34.0,5,0,5,0,0,8,1,0.15,0.00,0.15,0.15,0.15,2.7,2.7,0.8,3.5,0.08,0.02,0.10,0.08,0.10
131,Abdoulaye Doucouré,MLI,MF,Everton,28,1993,30,29,2537,28.2,2,4,2,0,0,6,0,0.07,0.14,0.21,0.07,0.21,2.7,2.7,2.2,4.9,0.10,0.08,0.17,0.10,0.17
132,Kieran Dowell,ENG,FW/MF,Norwich City,23,1997,19,11,912,10.1,1,1,1,0,0,0,0,0.10,0.10,0.20,0.10,0.20,1.2,1.2,2.0,3.2,0.12,0.20,0.31,0.12,0.31
133,Cody Drameh,ENG,DF,Leeds United,19,2001,3,1,128,1.4,0,0,0,0,0,1,0,0.00,0.00,0.00,0.00,0.00,0.0,0.0,0.0,0.0,0.00,0.01,0.01,0.00,0.01
134,Martin Dúbravka,SVK,GK,Newcastle Utd,32,1989,26,26,2340,26.0,0,0,0,0,0,1,0,0.00,0.00,0.00,0.00,0.00,0.0,0.0,0.1,0.1,0.00,0.00,0.00,0.00,0.00
135,Shane Duffy,Ireland,DF,Brighton,29,1992,18,15,1436,16.0,1,0,1,0,0,7,0,0.06,0.00,0.06,0.06,0.06,1.3,1.3,0.1,1.5,0.08,0.01,0.09,0.08,0.09
136,Paul Dummett,Wales,DF,Newcastle Utd,29,1991,3,2,198,2.2,0,0,0,0,0,2,0,0.00,0.00,0.00,0.00,0.00,0.0,0.0,0.0,0.0,0.00,0.00,0.00,0.00,0.00
137,Lewis Dunk,ENG,DF,Brighton,29,1991,29,29,2573,28.6,1,0,1,0,0,3,1,0.03,0.00,0.03,0.03,0.03,1.2,1.2,0.2,1.4,0.04,0.01,0.05,0.04,0.05
138,Ederson,Brazil,GK,Manchester City,27,1993,37,37,3330,37.0,0,0,0,0,0,3,0,0.00,0.00,0.00,0.00,0.00,0.0,0.0,0.1,0.1,0.00,0.00,0.00,0.00,0.00
139,Odsonne Édouard,France,FW,Crystal Palace,23,1998,28,18,1564,17.4,6,3,5,1,1,4,0,0.35,0.17,0.52,0.29,0.46,6.9,6.1,2.3,8.4,0.40,0.13,0.53,0.35,0.49
140,CJ Egan-Riley,ENG,DF,Manchester City,18,2003,1,0,4,0.0,0,0,0,0,0,0,0,0.00,0.00,0.00,0.00,0.00,0.0,0.0,0.0,0.0,0.00,0.00,0.00,0.00,0.00
141,Anthony Elanga,Sweden,FW,Manchester Utd,19,2002,21,14,1214,13.5,2,2,2,0,0,0,0,0.15,0.15,0.30,0.15,0.30,3.0,3.0,1.8,4.8,0.22,0.14,0.35,0.22,0.35
142,Harvey Elliott,ENG,MF,Liverpool,18,2003,6,4,346,3.8,0,0,0,0,0,0,0,0.00,0.00,0.00,0.00,0.00,0.9,0.9,0.5,1.4,0.23,0.12,0.35,0.23,0.35
143,Mohamed Elneny,EGY,MF,Arsenal,29,1992,14,8,806,9.0,0,2,0,0,0,1,0,0.00,0.22,0.22,0.00,0.22,0.2,0.2,0.6,0.7,0.02,0.06,0.08,0.02,0.08
144,Mohamed Elyounoussi,Norway,MF/FW,Southampton,26,1994,30,23,2042,22.7,4,2,4,0,0,4,0,0.18,0.09,0.26,0.18,0.26,6.0,6.0,2.5,8.5,0.26,0.11,0.37,0.26,0.37
145,Emerson,Brazil,DF,Tottenham,22,1999,31,26,2286,25.4,1,1,1,0,0,5,0,0.04,0.04,0.08,0.04,0.08,1.5,1.5,2.1,3.6,0.06,0.08,0.14,0.06,0.14
146,Christian Eriksen,Denmark,MF,Brentford,29,1992,11,10,939,10.4,1,4,1,0,0,1,0,0.10,0.38,0.48,0.10,0.48,1.4,1.4,3.6,5.0,0.14,0.34,0.48,0.14,0.48
147,Oghenekaro Etebo,Nigeria,MF,Watford,25,1995,9,4,401,4.5,0,0,0,0,0,3,0,0.00,0.00,0.00,0.00,0.00,0.0,0.0,0.1,0.1,0.01,0.01,0.02,0.01,0.02
148,Jonny Evans,NIR,DF,Leicester City,33,1988,18,16,1348,15.0,1,1,1,0,0,3,0,0.07,0.07,0.13,0.07,0.13,0.7,0.7,0.6,1.3,0.05,0.04,0.09,0.05,0.09
149,Eberechi Eze,ENG,MF/FW,Crystal Palace,23,1998,13,6,605,6.7,1,1,1,0,0,1,0,0.15,0.15,0.30,0.15,0.30,0.5,0.5,0.9,1.4,0.08,0.13,0.21,0.08,0.21
150,Łukasz Fabiański,Poland,GK,West Ham,36,1985,37,37,3330,37.0,0,0,0,0,0,2,0,0.00,0.00,0.00,0.00,0.00,0.0,0.0,0.0,0.0,0.00,0.00,0.00,0.00,0.00
151,Fabinho,Brazil,MF,Liverpool,27,1993,29,26,2314,25.7,5,1,3,2,2,7,0,0.19,0.04,0.23,0.12,0.16,3.4,1.9,1.4,3.3,0.13,0.05,0.19,0.07,0.13
152,Kiko Femenía,Spain,DF,Watford,30,1991,27,26,2142,23.8,0,5,0,0,0,2,0,0.00,0.21,0.21,0.00,0.21,0.1,0.1,3.2,3.3,0.00,0.14,0.14,0.00,0.14
153,Evan Ferguson,Ireland,MF,Brighton,16,2004,1,0,23,0.3,0,0,0,0,0,0,0,0.00,0.00,0.00,0.00,0.00,0.0,0.0,0.0,0.0,0.00,0.00,0.00,0.00,0.00
154,Nathan Ferguson,ENG,DF,Crystal Palace,20,2000,1,0,9,0.1,0,0,0,0,0,0,0,0.00,0.00,0.00,0.00,0.00,0.0,0.0,0.0,0.0,0.00,0.00,0.00,0.00,0.00
155,Bruno Fernandes,Portugal,MF,Manchester Utd,26,1994,36,35,3111,34.6,10,6,10,0,2,10,0,0.29,0.17,0.46,0.29,0.46,9.7,8.2,8.4,16.6,0.28,0.24,0.53,0.24,0.48
156,Álvaro Fernández,Spain,GK,Brentford,23,1998,12,12,1080,12.0,0,0,0,0,0,0,0,0.00,0.00,0.00,0.00,0.00,0.0,0.0,0.0,0.0,0.00,0.00,0.00,0.00,0.00
157,Federico Fernández,Argentina,DF,Newcastle Utd,32,1989,7,5,523,5.8,0,0,0,0,0,0,0,0.00,0.00,0.00,0.00,0.00,0.4,0.4,0.3,0.8,0.07,0.06,0.13,0.07,0.13
158,Fernandinho,Brazil,MF/DF,Manchester City,36,1985,19,10,964,10.7,2,1,2,0,0,1,0,0.19,0.09,0.28,0.19,0.28,1.6,1.6,0.9,2.5,0.15,0.08,0.24,0.15,0.24
159,Roberto Firmino,Brazil,FW,Liverpool,29,1991,20,10,990,11.0,5,4,5,0,0,3,0,0.45,0.36,0.82,0.45,0.82,5.0,5.0,2.4,7.4,0.46,0.22,0.67,0.46,0.67
160,Junior Firpo,Spain,DF,Leeds United,24,1996,24,19,1711,19.0,0,2,0,0,0,11,0,0.00,0.11,0.11,0.00,0.11,0.9,0.9,2.6,3.5,0.05,0.13,0.18,0.05,0.18
161,Ashley Fletcher,ENG,FW,Watford,25,1995,3,0,30,0.3,0,0,0,0,0,0,0,0.00,0.00,0.00,0.00,0.00,0.4,0.4,0.0,0.4,1.16,0.00,1.16,1.16,1.16
162,Phil Foden,ENG,FW,Manchester City,21,2000,28,24,2128,23.6,9,5,9,0,0,1,0,0.38,0.21,0.59,0.38,0.59,9.1,9.1,6.6,15.7,0.38,0.28,0.66,0.38,0.66
163,Wesley Fofana,France,DF,Leicester City,20,2000,7,7,630,7.0,0,0,0,0,0,2,0,0.00,0.00,0.00,0.00,0.00,0.2,0.2,0.0,0.3,0.03,0.00,0.04,0.03,0.04
164,Pablo Fornals,Spain,FW/MF,West Ham,25,1996,36,32,2795,31.1,6,3,6,0,0,4,0,0.19,0.10,0.29,0.19,0.29,5.0,5.0,5.6,10.6,0.16,0.18,0.34,0.16,0.34
165,Adam Forshaw,ENG,MF,Leeds United,29,1991,22,17,1530,17.0,0,1,0,0,0,5,0,0.00,0.06,0.06,0.00,0.06,0.4,0.4,1.1,1.5,0.02,0.07,0.09,0.02,0.09
166,Marcus Forss,FIN,FW/MF,Brentford,22,1999,7,1,209,2.3,0,1,0,0,0,0,0,0.00,0.43,0.43,0.00,0.43,0.2,0.2,0.0,0.2,0.10,0.00,0.10,0.10,0.10
167,Fraser Forster,ENG,GK,Southampton,33,1988,19,19,1710,19.0,0,0,0,0,0,1,0,0.00,0.00,0.00,0.00,0.00,0.0,0.0,0.0,0.0,0.00,0.00,0.00,0.00,0.00
168,Ben Foster,ENG,GK,Watford,38,1983,26,26,2340,26.0,0,1,0,0,0,0,0,0.00,0.04,0.04,0.00,0.04,0.0,0.0,0.2,0.2,0.00,0.01,0.01,0.00,0.01
169,Tariqe Fosu,Ghana,DF,Brentford,25,1995,1,0,17,0.2,0,0,0,0,0,0,0,0.00,0.00,0.00,0.00,0.00,0.0,0.0,0.0,0.0,0.16,0.00,0.16,0.16,0.16
170,Ryan Fraser,Scotland,FW/MF,Newcastle Utd,27,1994,27,18,1465,16.3,2,3,2,0,0,3,0,0.12,0.18,0.31,0.12,0.31,2.8,2.8,2.2,5.1,0.17,0.14,0.31,0.17,0.31
171,Fred,Brazil,MF,Manchester Utd,28,1993,28,24,2028,22.5,4,4,4,0,0,5,0,0.18,0.18,0.36,0.18,0.36,1.5,1.5,2.0,3.4,0.07,0.09,0.15,0.07,0.15
172,Ryan Fredericks,ENG,DF,West Ham,28,1992,7,3,307,3.4,0,0,0,0,0,1,0,0.00,0.00,0.00,0.00,0.00,0.0,0.0,0.1,0.1,0.00,0.03,0.03,0.00,0.03
173,Leo Fuhr Hjelde,Norway,DF,Leeds United,17,2003,2,0,150,1.7,0,0,0,0,0,0,0,0.00,0.00,0.00,0.00,0.00,0.0,0.0,0.0,0.0,0.00,0.02,0.02,0.00,0.02
174,Conor Gallagher,ENG,MF,Crystal Palace,21,2000,34,33,2845,31.6,8,3,8,0,0,10,0,0.25,0.09,0.35,0.25,0.35,5.8,5.8,3.5,9.3,0.18,0.11,0.29,0.18,0.29
175,Alejandro Garnacho,Spain,FW,Manchester Utd,17,2004,2,0,13,0.1,0,0,0,0,0,0,0,0.00,0.00,0.00,0.00,0.00,0.0,0.0,0.0,0.0,0.00,0.00,0.00,0.00,0.00
176,Dwight Gayle,ENG,FW,Newcastle Utd,30,1990,8,0,38,0.4,0,0,0,0,0,1,0,0.00,0.00,0.00,0.00,0.00,0.3,0.3,0.5,0.8,0.71,1.19,1.89,0.71,1.89
177,Jean-Philippe Gbamin,Ivory Coast,MF,Everton,25,1995,3,1,67,0.7,0,0,0,0,0,0,0,0.00,0.00,0.00,0.00,0.00,0.0,0.0,0.0,0.0,0.00,0.00,0.00,0.00,0.00
178,David de Gea,Spain,GK,Manchester Utd,30,1990,38,38,3420,38.0,0,0,0,0,0,0,0,0.00,0.00,0.00,0.00,0.00,0.0,0.0,0.0,0.0,0.00,0.00,0.00,0.00,0.00
179,Joe Gelhardt,ENG,FW/MF,Leeds United,19,2002,20,5,746,8.3,2,2,2,0,0,4,0,0.24,0.24,0.48,0.24,0.48,3.1,3.1,1.5,4.7,0.38,0.19,0.56,0.38,0.56
180,Anwar El Ghazi,Netherlands,FW/MF,Aston Villa,26,1995,9,4,386,4.3,1,1,0,1,1,2,0,0.23,0.23,0.47,0.00,0.23,1.1,0.3,0.4,0.7,0.25,0.09,0.33,0.07,0.16
181,Anwar El Ghazi,Netherlands,FW,Everton,26,1995,2,0,13,0.1,0,0,0,0,0,0,0,0.00,0.00,0.00,0.00,0.00,0.0,0.0,0.0,0.0,0.00,0.00,0.00,0.00,0.00
182,Saman Ghoddos,IRN,DF/MF,Brentford,27,1993,17,4,536,6.0,1,1,1,0,0,2,0,0.17,0.17,0.34,0.17,0.34,0.6,0.6,1.2,1.9,0.11,0.21,0.32,0.11,0.32
183,Dimitris Giannoulis,GRE,DF,Norwich City,25,1995,18,14,1169,13.0,0,1,0,0,0,2,0,0.00,0.08,0.08,0.00,0.08,0.2,0.2,0.5,0.6,0.01,0.04,0.05,0.01,0.05
184,Morgan Gibbs-White,ENG,FW/MF,Wolves,21,2000,2,0,9,0.1,0,0,0,0,0,1,0,0.00,0.00,0.00,0.00,0.00,0.1,0.1,0.0,0.1,1.22,0.00,1.22,1.22,1.22
185,Ben Gibson,ENG,DF,Norwich City,28,1993,28,28,2494,27.7,0,0,0,0,0,5,1,0.00,0.00,0.00,0.00,0.00,1.2,1.2,0.0,1.2,0.04,0.00,0.04,0.04,0.04
186,Billy Gilmour,Scotland,MF,Norwich City,20,2001,24,21,1855,20.6,0,1,0,0,0,2,0,0.00,0.05,0.05,0.00,0.05,1.0,1.0,2.0,3.0,0.05,0.10,0.14,0.05,0.14
187,Ben Godfrey,ENG,DF,Everton,23,1998,23,23,2029,22.5,0,0,0,0,0,6,0,0.00,0.00,0.00,0.00,0.00,1.1,1.1,0.7,1.9,0.05,0.03,0.08,0.05,0.08
188,André Gomes,Portugal,MF,Everton,28,1993,14,7,619,6.9,0,1,0,0,0,3,0,0.00,0.15,0.15,0.00,0.15,0.7,0.7,0.2,0.9,0.10,0.03,0.13,0.10,0.13
189,Toti Gomes,Portugal,DF,Wolves,22,1999,4,4,360,4.0,0,0,0,0,0,1,0,0.00,0.00,0.00,0.00,0.00,0.1,0.1,0.0,0.1,0.01,0.00,0.01,0.01,0.01
190,Joe Gomez,ENG,DF,Liverpool,24,1997,8,4,331,3.7,0,1,0,0,0,2,0,0.00,0.27,0.27,0.00,0.27,0.0,0.0,0.5,0.5,0.00,0.13,0.13,0.00,0.13
191,Charlie Goode,ENG,DF,Brentford,25,1995,6,4,450,5.0,0,0,0,0,0,3,0,0.00,0.00,0.00,0.00,0.00,0.1,0.1,0.3,0.5,0.03,0.07,0.10,0.03,0.10
192,Anthony Gordon,ENG,MF/FW,Everton,20,2001,35,25,2285,25.4,4,2,4,0,0,4,0,0.16,0.08,0.24,0.16,0.24,3.4,3.4,3.3,6.7,0.13,0.13,0.26,0.13,0.26
193,Kaide Gordon,ENG,FW,Liverpool,16,2004,1,0,9,0.1,0,0,0,0,0,0,0,0.00,0.00,0.00,0.00,0.00,0.4,0.4,0.0,0.4,4.48,0.00,4.48,4.48,4.48
194,Dan Gosling,ENG,MF,Watford,31,1990,4,2,166,1.8,1,0,1,0,0,0,0,0.54,0.00,0.54,0.54,0.54,0.2,0.2,0.0,0.2,0.10,0.01,0.11,0.10,0.11
195,Demarai Gray,ENG,MF/FW,Everton,25,1996,34,28,2338,26.0,5,4,5,0,0,3,0,0.19,0.15,0.35,0.19,0.35,4.5,4.5,4.3,8.8,0.17,0.16,0.34,0.17,0.34
196,Jack Grealish,ENG,FW,Manchester City,25,1995,26,22,1914,21.3,3,3,3,0,0,3,0,0.14,0.14,0.28,0.14,0.28,4.8,4.8,6.3,11.1,0.22,0.30,0.52,0.22,0.52
197,Mason Greenwood,ENG,FW/MF,Manchester Utd,19,2001,18,16,1271,14.1,5,1,5,0,0,1,0,0.35,0.07,0.42,0.35,0.42,4.4,4.4,1.6,6.0,0.31,0.11,0.42,0.31,0.42
198,Sam Greenwood,ENG,MF/FW,Leeds United,19,2002,7,1,237,2.6,0,2,0,0,0,0,0,0.00,0.76,0.76,0.00,0.76,0.4,0.4,0.7,1.1,0.14,0.28,0.42,0.14,0.42
199,Pascal Groß,Germany,MF/DF,Brighton,30,1991,29,24,2038,22.6,2,4,2,0,1,1,0,0.09,0.18,0.26,0.09,0.26,2.9,2.2,5.3,7.5,0.13,0.24,0.36,0.10,0.33
200,Vicente Guaita,Spain,GK,Crystal Palace,34,1987,30,30,2655,29.5,0,0,0,0,0,2,0,0.00,0.00,0.00,0.00,0.00,0.0,0.0,0.0,0.0,0.00,0.00,0.00,0.00,0.00
201,Marc Guéhi,ENG,DF,Crystal Palace,21,2000,36,36,3222,35.8,2,1,2,0,0,4,0,0.06,0.03,0.08,0.06,0.08,1.9,1.9,0.5,2.4,0.05,0.01,0.07,0.05,0.07
202,Bruno Guimarães,Brazil,MF,Newcastle Utd,23,1997,17,11,1034,11.5,5,1,5,0,0,4,0,0.44,0.09,0.52,0.44,0.52,2.9,2.9,1.8,4.7,0.25,0.16,0.41,0.25,0.41
203,İlkay Gündoğan,Germany,MF,Manchester City,30,1990,27,20,1857,20.6,8,4,8,0,0,1,0,0.39,0.19,0.58,0.39,0.58,8.6,8.6,4.2,12.8,0.42,0.20,0.62,0.42,0.62
204,Angus Gunn,ENG,GK,Norwich City,25,1996,9,9,810,9.0,0,0,0,0,0,0,0,0.00,0.00,0.00,0.00,0.00,0.0,0.0,0.0,0.0,0.00,0.00,0.00,0.00,0.00
205,Grant Hanley,Scotland,DF,Norwich City,29,1991,33,33,2897,32.2,1,0,1,0,0,2,0,0.03,0.00,0.03,0.03,0.03,1.9,1.9,0.3,2.1,0.06,0.01,0.07,0.06,0.07
206,Jack Harrison,ENG,FW/MF,Leeds United,24,1996,35,32,2639,29.3,8,1,8,0,0,3,0,0.27,0.03,0.31,0.27,0.31,4.0,4.0,2.6,6.6,0.14,0.09,0.22,0.14,0.22
207,Kortney Hause,ENG,DF,Aston Villa,26,1995,7,4,397,4.4,1,0,1,0,0,0,0,0.23,0.00,0.23,0.23,0.23,0.1,0.1,0.0,0.1,0.02,0.00,0.02,0.02,0.02
208,Kai Havertz,Germany,FW/MF,Chelsea,22,1999,29,22,1809,20.1,8,3,8,0,0,3,0,0.40,0.15,0.55,0.40,0.55,9.7,9.7,2.0,11.6,0.48,0.10,0.58,0.48,0.58
209,Isaac Hayden,ENG,MF/DF,Newcastle Utd,26,1995,14,12,1002,11.1,1,0,1,0,0,5,0,0.09,0.00,0.09,0.09,0.09,0.4,0.4,0.1,0.5,0.04,0.01,0.05,0.04,0.05
210,Hwang Hee-chan,KOR,FW/MF,Wolves,25,1996,30,20,1816,20.2,5,1,5,0,0,2,0,0.25,0.05,0.30,0.25,0.30,4.0,4.0,1.7,5.7,0.20,0.08,0.28,0.20,0.28
211,Jordan Henderson,ENG,MF,Liverpool,31,1990,35,29,2597,28.9,2,5,2,0,0,3,0,0.07,0.17,0.24,0.07,0.24,1.5,1.5,3.8,5.3,0.05,0.13,0.18,0.05,0.18
212,Jeff Hendrick,Ireland,MF,Newcastle Utd,29,1992,3,0,72,0.8,1,0,1,0,0,0,0,1.25,0.00,1.25,1.25,1.25,0.0,0.0,0.0,0.1,0.04,0.06,0.10,0.04,0.10
213,Wayne Hennessey,Wales,GK,Burnley,34,1987,2,2,180,2.0,0,0,0,0,0,0,0,0.00,0.00,0.00,0.00,0.00,0.0,0.0,0.1,0.1,0.00,0.06,0.06,0.00,0.06
214,Rico Henry,ENG,DF,Brentford,24,1997,34,33,2776,30.8,3,0,3,0,0,2,0,0.10,0.00,0.10,0.10,0.10,1.8,1.8,1.7,3.5,0.06,0.06,0.11,0.06,0.11
215,Son Heung-min,KOR,FW/MF,Tottenham,29,1992,35,35,3006,33.4,23,7,23,0,0,2,0,0.69,0.21,0.90,0.69,0.90,16.4,16.4,8.1,24.5,0.49,0.24,0.73,0.49,0.73
216,Ki-Jana Hoever,Netherlands,DF,Wolves,19,2002,8,4,308,3.4,0,0,0,0,0,1,0,0.00,0.00,0.00,0.00,0.00,0.0,0.0,0.0,0.1,0.01,0.01,0.02,0.01,0.02
217,Rob Holding,ENG,DF,Arsenal,25,1995,15,9,845,9.4,1,0,1,0,0,4,1,0.11,0.00,0.11,0.11,0.11,0.3,0.3,0.0,0.3,0.03,0.00,0.03,0.03,0.03
218,Mason Holgate,ENG,DF,Everton,24,1996,25,23,2134,23.7,2,1,2,0,0,7,1,0.08,0.04,0.13,0.08,0.13,1.1,1.1,0.1,1.1,0.05,0.00,0.05,0.05,0.05
219,Callum Hudson-Odoi,ENG,FW/MF,Chelsea,20,2000,15,11,962,10.7,1,2,1,0,0,1,0,0.09,0.19,0.28,0.09,0.28,2.1,2.1,2.3,4.4,0.20,0.21,0.41,0.20,0.41
220,Will Hughes,ENG,MF,Crystal Palace,26,1995,16,13,1053,11.7,0,1,0,0,0,6,0,0.00,0.09,0.09,0.00,0.09,0.2,0.2,0.7,0.8,0.01,0.06,0.07,0.01,0.07
221,Pierre Højbjerg,Denmark,MF,Tottenham,25,1995,36,36,3196,35.5,2,2,2,0,0,3,0,0.06,0.06,0.11,0.06,0.11,2.0,2.0,2.5,4.5,0.06,0.07,0.13,0.06,0.13
222,Adam Idah,Ireland,FW/MF,Norwich City,20,2001,17,6,625,6.9,1,1,1,0,0,0,0,0.14,0.14,0.29,0.14,0.29,2.0,2.0,0.6,2.6,0.28,0.09,0.37,0.28,0.37
223,Kelechi Iheanacho,Nigeria,FW,Leicester City,24,1996,26,13,1264,14.0,4,5,4,0,0,1,0,0.28,0.36,0.64,0.28,0.64,3.4,3.4,2.7,6.1,0.25,0.19,0.44,0.25,0.44
224,Danny Ings,ENG,FW,Aston Villa,29,1992,30,22,1898,21.1,7,6,6,1,1,4,0,0.33,0.28,0.62,0.28,0.57,7.3,6.6,2.0,8.6,0.35,0.10,0.44,0.31,0.41
225,Tim Iroegbunam,ENG,MF,Aston Villa,18,2003,3,1,92,1.0,0,0,0,0,0,1,0,0.00,0.00,0.00,0.00,0.00,0.1,0.1,0.0,0.1,0.13,0.00,0.13,0.13,0.13
226,Alex Iwobi,Nigeria,MF/DF,Everton,25,1996,28,22,2035,22.6,2,2,2,0,0,1,0,0.09,0.09,0.18,0.09,0.18,1.7,1.7,2.8,4.5,0.07,0.13,0.20,0.07,0.20
227,Daniel James,Wales,FW,Manchester Utd,23,1997,2,2,126,1.4,0,0,0,0,0,0,0,0.00,0.00,0.00,0.00,0.00,0.2,0.2,0.0,0.3,0.17,0.01,0.19,0.17,0.19
228,Daniel James,Wales,FW/MF,Leeds United,23,1997,32,29,2366,26.3,4,4,4,0,0,7,1,0.15,0.15,0.30,0.15,0.30,5.7,5.7,2.4,8.1,0.22,0.09,0.31,0.22,0.31
229,Reece James,ENG,DF,Chelsea,21,1999,26,22,1864,20.7,5,9,5,0,0,4,1,0.24,0.43,0.68,0.24,0.68,2.6,2.6,5.7,8.3,0.12,0.28,0.40,0.12,0.40
230,Vitaly Janelt,Germany,MF,Brentford,23,1998,31,27,2298,25.5,4,0,4,0,0,3,0,0.16,0.00,0.16,0.16,0.16,2.6,2.6,2.2,4.8,0.10,0.09,0.19,0.10,0.19
231,Pontus Jansson,Sweden,DF,Brentford,30,1991,37,37,3321,36.9,3,1,3,0,0,7,0,0.08,0.03,0.11,0.08,0.11,2.9,2.9,0.5,3.4,0.08,0.01,0.09,0.08,0.09
232,Mathias Jensen,Denmark,MF,Brentford,25,1996,31,19,1601,17.8,0,1,0,0,0,0,0,0.00,0.06,0.06,0.00,0.06,2.5,2.5,3.6,6.1,0.14,0.20,0.34,0.14,0.34
233,Gabriel Jesus,Brazil,FW,Manchester City,24,1997,28,21,1877,20.9,8,8,7,1,1,1,0,0.38,0.38,0.77,0.34,0.72,10.1,9.4,5.4,14.7,0.49,0.26,0.74,0.45,0.71
234,Raúl Jiménez,MEX,FW,Wolves,30,1991,34,30,2631,29.2,6,4,5,1,1,9,2,0.21,0.14,0.34,0.17,0.31,6.6,6.1,2.7,8.7,0.23,0.09,0.32,0.21,0.30
235,João Pedro,Brazil,FW/MF,Watford,19,2001,28,15,1644,18.3,3,1,3,0,0,1,0,0.16,0.05,0.22,0.16,0.22,4.2,4.2,2.6,6.8,0.23,0.14,0.37,0.23,0.37
236,Joelinton,Brazil,MF/FW,Newcastle Utd,24,1996,35,30,2558,28.4,4,1,4,0,0,8,0,0.14,0.04,0.18,0.14,0.18,4.1,4.1,1.8,6.0,0.15,0.06,0.21,0.15,0.21
237,Ben Johnson,ENG,DF,West Ham,21,2000,20,16,1397,15.5,1,0,1,0,0,1,0,0.06,0.00,0.06,0.06,0.06,0.1,0.1,0.8,0.9,0.01,0.05,0.06,0.01,0.06
238,Curtis Jones,ENG,MF,Liverpool,20,2001,15,10,851,9.5,1,1,1,0,0,0,0,0.11,0.11,0.21,0.11,0.21,0.9,0.9,0.6,1.6,0.10,0.07,0.16,0.10,0.16
239,Phil Jones,ENG,DF,Manchester Utd,29,1992,4,2,163,1.8,0,0,0,0,0,0,0,0.00,0.00,0.00,0.00,0.00,0.0,0.0,0.0,0.0,0.00,0.01,0.01,0.00,0.01
240,Jorginho,ITA,MF,Chelsea,29,1991,29,26,2273,25.3,6,2,0,6,7,5,0,0.24,0.08,0.32,0.00,0.08,5.7,0.4,2.8,3.2,0.23,0.11,0.34,0.02,0.13
241,Diogo Jota,Portugal,FW,Liverpool,24,1996,35,27,2364,26.3,15,4,15,0,0,3,0,0.57,0.15,0.72,0.57,0.72,16.1,16.1,5.5,21.6,0.61,0.21,0.82,0.61,0.82
242,James Justin,ENG,DF,Leicester City,23,1998,13,11,998,11.1,0,0,0,0,0,0,0,0.00,0.00,0.00,0.00,0.00,0.6,0.6,1.0,1.6,0.06,0.09,0.14,0.06,0.14
243,Mathias Jørgensen,Denmark,DF,Brentford,31,1990,8,6,518,5.8,1,0,1,0,0,2,0,0.17,0.00,0.17,0.17,0.17,0.1,0.1,0.1,0.2,0.02,0.02,0.03,0.02,0.03
244,Ozan Kabak,TUR,DF,Norwich City,21,2000,11,11,922,10.2,0,0,0,0,0,2,0,0.00,0.00,0.00,0.00,0.00,0.2,0.2,0.0,0.2,0.02,0.00,0.02,0.02,0.02
245,Christian Kabasele,Belgium,DF,Watford,30,1991,16,12,1193,13.3,0,0,0,0,0,0,0,0.00,0.00,0.00,0.00,0.00,0.7,0.7,0.0,0.8,0.05,0.00,0.06,0.05,0.06
246,Samuel Kalu,Nigeria,FW,Watford,23,1997,4,2,222,2.5,0,0,0,0,0,0,0,0.00,0.00,0.00,0.00,0.00,0.3,0.3,0.2,0.4,0.12,0.06,0.18,0.12,0.18
247,Hassane Kamara,Ivory Coast,DF,Watford,27,1994,19,18,1623,18.0,1,0,1,0,0,5,1,0.06,0.00,0.06,0.06,0.06,0.2,0.2,0.4,0.6,0.01,0.02,0.03,0.01,0.03
248,Harry Kane,ENG,FW,Tottenham,28,1993,37,36,3232,35.9,17,9,13,4,4,5,0,0.47,0.25,0.72,0.36,0.61,20.1,17.1,9.0,26.1,0.56,0.25,0.81,0.48,0.73
249,N'Golo Kanté,France,MF,Chelsea,30,1991,26,21,1773,19.7,2,4,2,0,0,2,0,0.10,0.20,0.30,0.10,0.30,1.8,1.8,2.3,4.2,0.09,0.12,0.21,0.09,0.21
250,Edo Kayembe,COD,MF,Watford,23,1998,13,9,799,8.9,0,0,0,0,0,0,0,0.00,0.00,0.00,0.00,0.00,0.2,0.2,0.3,0.5,0.02,0.03,0.06,0.02,0.06
251,Moise Kean,ITA,FW,Everton,21,2000,1,0,1,0.0,0,0,0,0,0,0,0,0.00,0.00,0.00,0.00,0.00,0.0,0.0,0.0,0.0,0.00,0.00,0.00,0.00,0.00
252,Michael Keane,ENG,DF,Everton,28,1993,32,31,2792,31.0,3,2,3,0,0,4,1,0.10,0.06,0.16,0.10,0.16,1.2,1.2,0.6,1.8,0.04,0.02,0.06,0.04,0.06
253,Naby Keïta,GUI,MF,Liverpool,26,1995,23,14,1173,13.0,3,1,3,0,0,3,0,0.23,0.08,0.31,0.23,0.31,2.3,2.3,1.6,3.9,0.18,0.12,0.30,0.18,0.30
254,Caoimhín Kelleher,Ireland,GK,Liverpool,22,1998,2,2,180,2.0,0,0,0,0,0,0,0,0.00,0.00,0.00,0.00,0.00,0.0,0.0,0.0,0.0,0.00,0.00,0.00,0.00,0.00
255,Kenedy,Brazil,DF,Chelsea,25,1996,1,1,58,0.6,0,1,0,0,0,0,0,0.00,1.55,1.55,0.00,1.55,0.1,0.1,0.9,1.0,0.13,1.35,1.48,0.13,1.48
256,Jonjoe Kenny,ENG,DF,Everton,24,1997,15,11,1018,11.3,0,1,0,0,0,3,1,0.00,0.09,0.09,0.00,0.09,0.3,0.3,0.5,0.9,0.03,0.05,0.08,0.03,0.08
257,Max Kilman,ENG,DF,Wolves,24,1997,30,30,2687,29.9,1,0,1,0,0,3,0,0.03,0.00,0.03,0.03,0.03,1.0,1.0,0.0,1.0,0.03,0.00,0.03,0.03,0.03
258,Joshua King,Norway,FW,Watford,29,1992,32,27,2248,25.0,5,3,4,1,1,5,0,0.20,0.12,0.32,0.16,0.28,8.0,7.2,3.2,10.4,0.32,0.13,0.45,0.29,0.42
259,Kristoffer Klaesson,Norway,GK,Leeds United,20,2000,1,0,36,0.4,0,0,0,0,0,0,0,0.00,0.00,0.00,0.00,0.00,0.0,0.0,0.0,0.0,0.00,0.00,0.00,0.00,0.00
260,Mateusz Klich,Poland,MF,Leeds United,31,1990,33,26,2073,23.0,1,2,1,0,0,5,0,0.04,0.09,0.13,0.04,0.13,2.7,2.7,2.2,4.9,0.12,0.09,0.21,0.12,0.21
261,Robin Koch,Germany,MF/DF,Leeds United,25,1996,20,17,1574,17.5,0,0,0,0,0,3,0,0.00,0.00,0.00,0.00,0.00,0.7,0.7,0.5,1.3,0.04,0.03,0.07,0.04,0.07
262,Sead Kolašinac,BIH,DF,Arsenal,28,1993,2,1,91,1.0,0,0,0,0,0,1,0,0.00,0.00,0.00,0.00,0.00,0.0,0.0,0.0,0.0,0.00,0.00,0.00,0.00,0.00
263,Ibrahima Konaté,France,DF,Liverpool,22,1999,11,11,990,11.0,0,0,0,0,0,2,0,0.00,0.00,0.00,0.00,0.00,0.3,0.3,0.1,0.4,0.02,0.01,0.03,0.02,0.03
264,Ezri Konsa,ENG,DF,Aston Villa,23,1997,29,29,2477,27.5,2,0,2,0,0,6,2,0.07,0.00,0.07,0.07,0.07,1.5,1.5,0.3,1.7,0.05,0.01,0.06,0.05,0.06
265,Cheikhou Kouyaté,Senegal,MF,Crystal Palace,31,1989,27,23,1974,21.9,0,1,0,0,0,3,0,0.00,0.05,0.05,0.00,0.05,0.6,0.6,0.7,1.3,0.03,0.03,0.06,0.03,0.06
266,Mateo Kovačić,CRO,MF,Chelsea,27,1994,25,16,1558,17.3,2,5,2,0,0,4,0,0.12,0.29,0.40,0.12,0.40,1.8,1.8,3.6,5.5,0.11,0.21,0.32,0.11,0.32
267,Emil Krafth,Sweden,DF,Newcastle Utd,26,1994,20,18,1634,18.2,0,1,0,0,0,5,0,0.00,0.06,0.06,0.00,0.06,0.2,0.2,0.8,1.0,0.01,0.04,0.06,0.01,0.06
268,Alex Král,CZE,MF,West Ham,23,1998,1,0,1,0.0,0,0,0,0,0,0,0,0.00,0.00,0.00,0.00,0.00,0.0,0.0,0.0,0.0,0.00,0.00,0.00,0.00,0.00
269,Tim Krul,Netherlands,GK,Norwich City,33,1988,29,29,2610,29.0,0,0,0,0,0,1,0,0.00,0.00,0.00,0.00,0.00,0.0,0.0,0.4,0.4,0.00,0.01,0.01,0.00,0.01
270,Juraj Kucka,SVK,MF,Watford,34,1987,26,22,1920,21.3,1,1,1,0,0,5,1,0.05,0.05,0.09,0.05,0.09,3.1,3.1,0.9,4.1,0.15,0.04,0.19,0.15,0.19
271,Dejan Kulusevski,Sweden,MF/FW,Tottenham,21,2000,18,14,1261,14.0,5,8,5,0,0,3,0,0.36,0.57,0.93,0.36,0.93,3.4,3.4,3.5,6.9,0.24,0.25,0.50,0.24,0.50
272,Alexandre Lacazette,France,FW/MF,Arsenal,30,1991,30,20,1782,19.8,4,7,2,2,3,0,0,0.20,0.35,0.56,0.10,0.45,7.9,5.6,1.9,7.6,0.40,0.10,0.50,0.28,0.38
273,Adam Lallana,ENG,MF,Brighton,33,1988,24,18,1561,17.3,0,1,0,0,0,4,0,0.00,0.06,0.06,0.00,0.06,1.2,1.2,0.7,1.9,0.07,0.04,0.11,0.07,0.11
274,Tariq Lamptey,ENG,DFFW,Brighton,20,2000,30,16,1561,17.3,0,2,0,0,0,4,0,0.00,0.12,0.12,0.00,0.12,0.8,0.8,2.2,3.0,0.05,0.13,0.17,0.05,0.17
275,Manuel Lanzini,Argentina,MF/FW,West Ham,28,1993,30,19,1786,19.8,5,3,2,3,3,2,0,0.25,0.15,0.40,0.10,0.25,3.4,1.1,2.2,3.3,0.17,0.11,0.28,0.06,0.17
276,Aymeric Laporte,Spain,DF,Manchester City,27,1994,33,33,2828,31.4,4,0,4,0,0,5,1,0.13,0.00,0.13,0.13,0.13,4.4,4.4,0.5,4.9,0.14,0.02,0.16,0.14,0.16
277,Jamaal Lascelles,ENG,DF,Newcastle Utd,27,1993,26,22,2058,22.9,1,0,1,0,0,5,0,0.04,0.00,0.04,0.04,0.04,1.1,1.1,0.3,1.3,0.05,0.01,0.06,0.05,0.06
278,Pierre Lees-Melou,France,MF,Norwich City,28,1993,33,27,2265,25.2,1,0,1,0,0,5,0,0.04,0.00,0.04,0.04,0.04,1.6,1.6,1.8,3.4,0.06,0.07,0.14,0.06,0.14
279,Aaron Lennon,ENG,MF,Burnley,34,1987,28,17,1551,17.2,2,0,2,0,0,2,0,0.12,0.00,0.12,0.12,0.12,1.1,1.1,0.5,1.6,0.06,0.03,0.09,0.06,0.09
280,Bernd Leno,Germany,GK,Arsenal,29,1992,4,4,360,4.0,0,0,0,0,0,0,0,0.00,0.00,0.00,0.00,0.00,0.0,0.0,0.0,0.0,0.00,0.00,0.00,0.00,0.00
281,Jamal Lewis,NIR,DF,Newcastle Utd,23,1998,5,4,262,2.9,0,0,0,0,0,1,0,0.00,0.00,0.00,0.00,0.00,0.0,0.0,0.0,0.0,0.00,0.01,0.01,0.00,0.01
282,Victor Lindelöf,Sweden,DF,Manchester Utd,27,1994,28,26,2355,26.2,0,2,0,0,0,4,0,0.00,0.08,0.08,0.00,0.08,0.3,0.3,0.5,0.8,0.01,0.02,0.03,0.01,0.03
283,Jesse Lingard,ENG,FW/MF,Manchester Utd,28,1992,16,2,367,4.1,2,0,2,0,0,1,0,0.49,0.00,0.49,0.49,0.49,0.7,0.7,0.4,1.1,0.17,0.10,0.26,0.17,0.26
284,Valentino Livramento,ENG,DF,Southampton,18,2002,28,25,2202,24.5,1,1,1,0,0,2,0,0.04,0.04,0.08,0.04,0.08,1.2,1.2,2.3,3.4,0.05,0.09,0.14,0.05,0.14
285,Diego Llorente,Spain,DF,Leeds United,27,1993,28,28,2340,26.0,3,0,3,0,0,7,0,0.12,0.00,0.12,0.12,0.12,1.4,1.4,0.1,1.4,0.05,0.00,0.05,0.05,0.05
286,Hugo Lloris,France,GK,Tottenham,34,1986,38,38,3420,38.0,0,0,0,0,0,2,0,0.00,0.00,0.00,0.00,0.00,0.0,0.0,0.5,0.5,0.00,0.01,0.01,0.00,0.01
287,Giovani Lo Celso,Argentina,MF/FW,Tottenham,25,1996,9,2,238,2.6,0,0,0,0,0,0,0,0.00,0.00,0.00,0.00,0.00,0.7,0.7,0.6,1.4,0.28,0.24,0.52,0.28,0.52
288,Jürgen Locadia,Netherlands,FW,Brighton,27,1993,1,0,23,0.3,0,0,0,0,0,0,0,0.00,0.00,0.00,0.00,0.00,0.1,0.1,0.0,0.1,0.45,0.00,0.45,0.45,0.45
289,Ruben Loftus-Cheek,ENG,MF/DF,Chelsea,25,1996,24,13,1394,15.5,0,2,0,0,0,1,0,0.00,0.13,0.13,0.00,0.13,1.2,1.2,1.9,3.1,0.08,0.12,0.20,0.08,0.20
290,Kevin Long,Ireland,DF,Burnley,30,1990,6,4,410,4.6,0,0,0,0,0,1,0,0.00,0.00,0.00,0.00,0.00,0.2,0.2,0.0,0.2,0.03,0.00,0.03,0.03,0.03
291,Shane Long,Ireland,FW,Southampton,34,1987,13,3,308,3.4,1,0,1,0,0,1,0,0.29,0.00,0.29,0.29,0.29,1.0,1.0,0.1,1.1,0.29,0.03,0.32,0.29,0.32
292,Sean Longstaff,ENG,MF,Newcastle Utd,23,1997,24,15,1464,16.3,1,1,1,0,0,1,0,0.06,0.06,0.12,0.06,0.12,1.2,1.2,0.7,1.9,0.07,0.04,0.12,0.07,0.12
293,Ademola Lookman,Nigeria,FW/MF,Leicester City,23,1997,26,16,1453,16.1,6,0,6,0,0,2,0,0.37,0.00,0.37,0.37,0.37,5.1,5.1,1.9,6.9,0.31,0.12,0.43,0.31,0.43
294,Jonas Lössl,Denmark,GK,Brentford,32,1989,2,2,180,2.0,0,0,0,0,0,0,0,0.00,0.00,0.00,0.00,0.00,0.0,0.0,0.0,0.0,0.00,0.00,0.00,0.00,0.00
295,Imran Louza,MAR,MF,Watford,22,1999,20,17,1416,15.7,0,0,0,0,0,6,0,0.00,0.00,0.00,0.00,0.00,1.1,1.1,1.0,2.1,0.07,0.07,0.14,0.07,0.14
296,Matthew Lowton,ENG,DF,Burnley,32,1989,25,20,1772,19.7,1,2,1,0,0,3,1,0.05,0.10,0.15,0.05,0.15,0.6,0.6,1.3,1.9,0.03,0.07,0.10,0.03,0.10
297,Douglas Luiz,Brazil,MF,Aston Villa,23,1998,34,31,2715,30.2,2,3,2,0,0,7,0,0.07,0.10,0.17,0.07,0.17,2.0,2.0,2.5,4.5,0.07,0.08,0.15,0.07,0.15
298,Romelu Lukaku,Belgium,FW,Chelsea,28,1993,26,16,1589,17.7,8,0,7,1,1,1,0,0.45,0.00,0.45,0.40,0.40,6.8,6.1,3.0,9.0,0.39,0.17,0.55,0.34,0.51
299,Lyanco,Brazil,DF,Southampton,24,1997,15,9,911,10.1,0,0,0,0,0,2,0,0.00,0.00,0.00,0.00,0.00,0.2,0.2,0.1,0.4,0.02,0.01,0.04,0.02,0.04
300,Alexis Mac Allister,Argentina,MF/FW,Brighton,22,1998,33,22,2123,23.6,5,2,3,2,3,4,0,0.21,0.08,0.30,0.13,0.21,6.5,4.2,1.5,5.7,0.28,0.06,0.34,0.18,0.24
301,James Maddison,ENG,MF/FW,Leicester City,24,1996,35,28,2459,27.3,12,8,12,0,0,3,0,0.44,0.29,0.73,0.44,0.73,8.2,8.2,4.8,13.0,0.30,0.18,0.48,0.30,0.48
302,Harry Maguire,ENG,DF,Manchester Utd,28,1993,30,28,2515,27.9,1,0,1,0,0,9,1,0.04,0.00,0.04,0.04,0.04,1.7,1.7,0.2,1.9,0.06,0.01,0.07,0.06,0.07
303,Riyad Mahrez,Algeria,FW,Manchester City,30,1991,28,15,1498,16.6,11,5,7,4,5,0,0,0.66,0.30,0.96,0.42,0.72,10.1,6.3,3.7,10.0,0.61,0.22,0.83,0.38,0.60
304,Ainsley Maitland-Niles,ENG,MF,Arsenal,23,1997,8,2,268,3.0,0,0,0,0,0,0,0,0.00,0.00,0.00,0.00,0.00,0.0,0.0,0.3,0.4,0.01,0.12,0.13,0.01,0.13
305,Sadio Mané,Senegal,FW,Liverpool,29,1992,34,32,2819,31.3,16,2,16,0,0,5,0,0.51,0.06,0.57,0.51,0.57,16.7,16.7,4.4,21.1,0.53,0.14,0.67,0.53,0.67
306,Javier Manquillo,Spain,DF,Newcastle Utd,27,1994,19,15,1257,14.0,1,2,1,0,0,5,0,0.07,0.14,0.21,0.07,0.21,0.5,0.5,0.3,0.8,0.03,0.02,0.06,0.03,0.06
307,Fernando Marçal,Brazil,DF,Wolves,32,1989,18,17,1449,16.1,0,0,0,0,0,3,0,0.00,0.00,0.00,0.00,0.00,0.5,0.5,0.7,1.2,0.03,0.04,0.08,0.03,0.08
308,Solly March,ENG,DFFW,Brighton,27,1994,31,17,1746,19.4,0,2,0,0,0,1,0,0.00,0.10,0.10,0.00,0.10,1.5,1.5,2.7,4.3,0.08,0.14,0.22,0.08,0.22
309,Pablo Marí,Spain,DF,Arsenal,27,1993,2,2,180,2.0,0,0,0,0,0,1,0,0.00,0.00,0.00,0.00,0.00,0.3,0.3,0.1,0.4,0.15,0.05,0.21,0.15,0.21
310,Anthony Martial,France,FW,Manchester Utd,25,1995,8,2,212,2.4,1,0,1,0,0,0,0,0.42,0.00,0.42,0.42,0.42,0.4,0.4,0.1,0.6,0.19,0.06,0.25,0.19,0.25
311,Martinelli,Brazil,FW/MF,Arsenal,20,2001,29,21,1860,20.7,6,6,5,1,1,3,1,0.29,0.29,0.58,0.24,0.53,7.2,6.5,3.3,9.8,0.35,0.16,0.51,0.31,0.47
312,Emiliano Martínez,Argentina,GK,Aston Villa,28,1992,36,36,3240,36.0,0,0,0,0,0,4,0,0.00,0.00,0.00,0.00,0.00,0.0,0.0,0.0,0.0,0.00,0.00,0.00,0.00,0.00
313,Adam Masina,MAR,DF,Watford,27,1994,15,13,1077,12.0,0,1,0,0,0,0,0,0.00,0.08,0.08,0.00,0.08,0.4,0.4,0.7,1.1,0.03,0.06,0.09,0.03,0.09
314,Arthur Masuaku,COD,DFFW,West Ham,27,1993,13,6,650,7.2,1,1,1,0,0,1,0,0.14,0.14,0.28,0.14,0.28,0.1,0.1,0.9,1.0,0.01,0.12,0.14,0.01,0.14
315,Juan Mata,Spain,MF,Manchester Utd,33,1988,7,2,235,2.6,0,0,0,0,0,0,0,0.00,0.00,0.00,0.00,0.00,0.3,0.3,0.2,0.5,0.11,0.06,0.17,0.11,0.17
316,Jean-Philippe Mateta,France,FW,Crystal Palace,24,1997,22,13,1145,12.7,5,1,5,0,0,2,0,0.39,0.08,0.47,0.39,0.47,5.5,5.5,1.3,6.8,0.43,0.11,0.54,0.43,0.54
317,Nemanja Matić,SRB,MF,Manchester Utd,32,1988,23,16,1382,15.4,0,4,0,0,0,3,0,0.00,0.26,0.26,0.00,0.26,0.2,0.2,1.8,1.9,0.01,0.12,0.13,0.01,0.13
318,Joël Matip,CMR,DF,Liverpool,29,1991,31,31,2790,31.0,3,3,3,0,0,2,0,0.10,0.10,0.19,0.10,0.19,3.1,3.1,1.2,4.3,0.10,0.04,0.14,0.10,0.14
319,Neal Maupay,France,FW,Brighton,24,1996,32,25,2276,25.3,8,2,7,1,2,7,0,0.32,0.08,0.40,0.28,0.36,7.7,6.2,2.2,8.4,0.30,0.09,0.39,0.24,0.33
320,Bryan Mbeumo,France,FW,Brentford,21,1999,35,34,2905,32.3,4,7,3,1,1,4,0,0.12,0.22,0.34,0.09,0.31,9.7,9.0,3.6,12.5,0.30,0.11,0.41,0.28,0.39
321,James McArthur,Scotland,MF,Crystal Palace,33,1987,21,15,1439,16.0,0,3,0,0,0,4,0,0.00,0.19,0.19,0.00,0.19,0.3,0.3,1.0,1.4,0.02,0.06,0.08,0.02,0.08
322,James Mcatee,ENG,MF/FW,Manchester City,18,2002,2,0,20,0.2,0,0,0,0,0,0,0,0.00,0.00,0.00,0.00,0.00,0.0,0.0,0.0,0.0,0.19,0.00,0.19,0.19,0.19
323,Kasey McAteer,ENG,FW,Leicester City,19,2001,1,0,3,0.0,0,0,0,0,0,0,0,0.00,0.00,0.00,0.00,0.00,0.0,0.0,0.0,0.0,0.00,0.00,0.00,0.00,0.00
324,Liam McCarron,Scotland,FW,Leeds United,20,2001,1,0,10,0.1,0,0,0,0,0,0,0,0.00,0.00,0.00,0.00,0.00,0.0,0.0,0.0,0.0,0.00,0.00,0.00,0.00,0.00
325,Alex McCarthy,ENG,GK,Southampton,31,1989,17,17,1530,17.0,0,0,0,0,0,1,0,0.00,0.00,0.00,0.00,0.00,0.0,0.0,0.0,0.0,0.00,0.00,0.00,0.00,0.00
326,John McGinn,Scotland,MF,Aston Villa,26,1994,35,35,3090,34.3,3,4,3,0,0,8,0,0.09,0.12,0.20,0.09,0.20,1.5,1.5,4.9,6.4,0.04,0.14,0.19,0.04,0.19
327,Stuart McKinstry,Scotland,MF,Leeds United,18,2002,1,0,4,0.0,0,0,0,0,0,0,0,0.00,0.00,0.00,0.00,0.00,0.0,0.0,0.0,0.0,0.00,0.00,0.00,0.00,0.00
328,Kenny McLean,Scotland,MF,Norwich City,29,1992,31,29,2706,30.1,1,0,1,0,0,3,0,0.03,0.00,0.03,0.03,0.03,1.9,1.9,0.7,2.6,0.06,0.02,0.09,0.06,0.09
329,Dwight McNeil,ENG,MF,Burnley,21,1999,38,35,3107,34.5,0,1,0,0,0,1,0,0.00,0.03,0.03,0.00,0.03,2.3,2.3,4.8,7.1,0.07,0.14,0.21,0.07,0.21
330,Scott McTominay,Scotland,MF,Manchester Utd,24,1996,30,28,2387,26.5,1,1,1,0,0,9,0,0.04,0.04,0.08,0.04,0.08,1.5,1.5,1.8,3.3,0.06,0.07,0.12,0.06,0.12
331,Ben Mee,ENG,DF,Burnley,31,1989,21,21,1839,20.4,3,0,3,0,0,3,0,0.15,0.00,0.15,0.15,0.15,1.8,1.8,0.1,1.9,0.09,0.00,0.09,0.09,0.09
332,Hannibal Mejbri,TUN,FW,Manchester Utd,18,2003,2,1,68,0.8,0,0,0,0,0,2,0,0.00,0.00,0.00,0.00,0.00,0.1,0.1,0.0,0.1,0.12,0.00,0.12,0.12,0.12
333,Benjamin Mendy,France,DF,Manchester City,27,1994,1,1,78,0.9,0,0,0,0,0,0,0,0.00,0.00,0.00,0.00,0.00,0.0,0.0,0.3,0.3,0.00,0.30,0.30,0.00,0.30
334,Edouard Mendy,Senegal,GK,Chelsea,29,1992,34,34,3060,34.0,0,0,0,0,0,3,0,0.00,0.00,0.00,0.00,0.00,0.0,0.0,0.0,0.0,0.00,0.00,0.00,0.00,0.00
335,Nampalys Mendy,Senegal,MF,Leicester City,29,1992,14,12,1032,11.5,0,0,0,0,0,3,0,0.00,0.00,0.00,0.00,0.00,0.0,0.0,0.0,0.0,0.00,0.00,0.00,0.00,0.00
336,Illan Meslier,France,GK,Leeds United,21,2000,38,38,3384,37.6,0,0,0,0,0,2,0,0.00,0.00,0.00,0.00,0.00,0.0,0.0,0.0,0.0,0.00,0.00,0.00,0.00,0.00
337,Luka Milivojević,SRB,MF,Crystal Palace,30,1991,15,9,774,8.6,0,0,0,0,0,1,0,0.00,0.00,0.00,0.00,0.00,0.2,0.2,0.8,1.0,0.03,0.09,0.12,0.03,0.12
338,James Milner,ENG,MF/DF,Liverpool,35,1986,24,9,853,9.5,0,1,0,0,0,2,0,0.00,0.11,0.11,0.00,0.11,0.3,0.3,2.2,2.4,0.03,0.23,0.26,0.03,0.26
339,Yerry Mina,Colombia,DF,Everton,26,1994,13,11,846,9.4,0,0,0,0,0,3,0,0.00,0.00,0.00,0.00,0.00,0.3,0.3,0.0,0.3,0.03,0.00,0.03,0.03,0.03
340,Takumi Minamino,JPN,FW/MF,Liverpool,26,1995,11,1,186,2.1,3,0,3,0,0,1,0,1.45,0.00,1.45,1.45,1.45,1.8,1.8,0.5,2.3,0.88,0.25,1.13,0.88,1.13
341,Tyrone Mings,ENG,DF,Aston Villa,28,1993,36,35,3189,35.4,1,3,1,0,0,11,0,0.03,0.08,0.11,0.03,0.11,1.4,1.4,1.5,2.9,0.04,0.04,0.08,0.04,0.08
342,Tyrick Mitchell,ENG,DF,Crystal Palace,21,1999,36,35,3101,34.5,0,2,0,0,0,1,0,0.00,0.06,0.06,0.00,0.06,0.3,0.3,1.3,1.6,0.01,0.04,0.05,0.01,0.05
343,Jakub Moder,Poland,MF/FW,Brighton,22,1999,28,19,1701,18.9,0,3,0,0,0,1,0,0.00,0.16,0.16,0.00,0.16,2.4,2.4,1.7,4.1,0.13,0.09,0.22,0.13,0.22
344,Wesley Moraes,Brazil,FW,Aston Villa,24,1996,1,0,1,0.0,0,0,0,0,0,0,0,0.00,0.00,0.00,0.00,0.00,0.0,0.0,0.0,0.0,0.00,0.00,0.00,0.00,0.00
345,Tyler Morton,ENG,MF,Liverpool,18,2002,2,1,66,0.7,0,0,0,0,0,1,0,0.00,0.00,0.00,0.00,0.00,0.0,0.0,0.0,0.0,0.00,0.00,0.00,0.00,0.00
346,Mason Mount,ENG,MF/FW,Chelsea,22,1999,32,27,2363,26.3,11,10,10,1,1,4,0,0.42,0.38,0.80,0.38,0.76,8.9,8.1,6.7,14.8,0.34,0.25,0.59,0.31,0.56
347,Lucas Moura,Brazil,FW/MF,Tottenham,28,1992,34,19,1775,19.7,2,6,2,0,0,4,0,0.10,0.30,0.41,0.10,0.41,3.7,3.7,4.4,8.1,0.19,0.23,0.41,0.19,0.41
348,João Moutinho,Portugal,MF,Wolves,34,1986,35,34,2970,33.0,2,1,2,0,0,4,0,0.06,0.03,0.09,0.06,0.09,1.0,1.0,2.4,3.5,0.03,0.07,0.11,0.03,0.11
349,Bali Mumba,ENG,DF,Norwich City,19,2001,1,0,45,0.5,0,0,0,0,0,0,0,0.00,0.00,0.00,0.00,0.00,0.0,0.0,0.0,0.0,0.00,0.00,0.00,0.00,0.00
350,Jacob Murphy,ENG,FW/DF,Newcastle Utd,26,1995,33,13,1473,16.4,1,2,1,0,0,4,0,0.06,0.12,0.18,0.06,0.18,2.9,2.9,2.1,5.0,0.18,0.13,0.31,0.18,0.31
351,Enock Mwepu,ZAM,MF/FW,Brighton,23,1998,18,12,996,11.1,2,4,2,0,0,2,0,0.18,0.36,0.54,0.18,0.54,1.9,1.9,1.4,3.2,0.17,0.12,0.29,0.17,0.29
352,Vitaliy Mykolenko,UKR,DF,Everton,22,1999,13,12,1055,11.7,1,0,1,0,0,0,0,0.09,0.00,0.09,0.09,0.09,0.8,0.8,0.8,1.6,0.07,0.07,0.14,0.07,0.14
353,Marvelous Nakamba,ZIM,MF,Aston Villa,27,1994,16,10,904,10.0,0,0,0,0,0,5,0,0.00,0.00,0.00,0.00,0.00,0.0,0.0,0.1,0.1,0.00,0.01,0.01,0.00,0.01
354,Wilfred Ndidi,Nigeria,MF/DF,Leicester City,24,1996,19,18,1618,18.0,0,0,0,0,0,4,0,0.00,0.00,0.00,0.00,0.00,1.0,1.0,0.0,1.0,0.06,0.00,0.06,0.06,0.06
355,Tanguy Ndombele,France,MF,Tottenham,24,1996,9,6,484,5.4,1,1,1,0,0,1,0,0.19,0.19,0.37,0.19,0.37,0.5,0.5,0.4,0.9,0.09,0.07,0.16,0.09,0.16
356,Reiss Nelson,ENG,FW,Arsenal,21,1999,1,0,20,0.2,0,0,0,0,0,0,0,0.00,0.00,0.00,0.00,0.00,0.0,0.0,0.0,0.1,0.16,0.18,0.35,0.16,0.35
357,Pedro Neto,Portugal,FW/MF,Wolves,21,2000,13,5,466,5.2,1,1,1,0,0,3,0,0.19,0.19,0.39,0.19,0.39,1.5,1.5,1.1,2.6,0.29,0.22,0.51,0.29,0.51
358,Rúben Neves,Portugal,MF,Wolves,24,1997,33,31,2661,29.6,4,2,4,0,0,9,0,0.14,0.07,0.20,0.14,0.20,1.2,1.2,2.2,3.4,0.04,0.07,0.12,0.04,0.12
359,Jeremy Ngakia,ENG,DF,Watford,20,2000,16,9,903,10.0,0,0,0,0,0,0,0,0.00,0.00,0.00,0.00,0.00,0.1,0.1,0.5,0.6,0.01,0.05,0.06,0.01,0.06
360,Saúl Ñíguez,Spain,MF/DF,Chelsea,26,1994,10,5,480,5.3,0,0,0,0,0,1,0,0.00,0.00,0.00,0.00,0.00,0.2,0.2,0.3,0.5,0.04,0.06,0.10,0.04,0.10
361,Eddie Nketiah,ENG,FW,Arsenal,22,1999,21,8,835,9.3,5,1,5,0,0,3,0,0.54,0.11,0.65,0.54,0.65,4.6,4.6,1.4,6.1,0.50,0.16,0.65,0.50,0.65
362,Nicolas Nkoulou,CMR,DF,Watford,31,1990,3,2,168,1.9,0,0,0,0,0,0,0,0.00,0.00,0.00,0.00,0.00,0.0,0.0,0.0,0.0,0.00,0.01,0.01,0.00,0.01
363,Mark Noble,ENG,MF,West Ham,34,1987,11,3,332,3.7,1,0,0,1,2,0,0,0.27,0.00,0.27,0.00,0.00,1.5,0.0,0.2,0.2,0.41,0.06,0.47,0.00,0.06
364,Mathias Normann,Norway,MF,Norwich City,25,1996,23,20,1645,18.3,1,2,1,0,0,6,0,0.05,0.11,0.16,0.05,0.16,0.9,0.9,1.8,2.8,0.05,0.10,0.15,0.05,0.15
365,Christian Nørgaard,Denmark,MF,Brentford,27,1994,35,35,3054,33.9,3,4,3,0,0,8,0,0.09,0.12,0.21,0.09,0.21,3.2,3.2,3.1,6.3,0.09,0.09,0.19,0.09,0.19
366,Angelo Ogbonna,ITA,DF,West Ham,33,1988,11,11,921,10.2,1,0,1,0,0,1,0,0.10,0.00,0.10,0.10,0.10,0.3,0.3,0.0,0.3,0.03,0.00,0.03,0.03,0.03
367,Michael Olise,France,FW/MF,Crystal Palace,19,2001,26,12,1141,12.7,2,5,2,0,0,4,0,0.16,0.39,0.55,0.16,0.55,1.4,1.4,3.4,4.8,0.11,0.27,0.38,0.11,0.38
368,Robin Olsen,Sweden,GK,Aston Villa,31,1990,1,1,90,1.0,0,0,0,0,0,0,0,0.00,0.00,0.00,0.00,0.00,0.0,0.0,0.0,0.0,0.00,0.00,0.00,0.00,0.00
369,Andrew Omobamidele,Ireland,DF,Norwich City,19,2002,5,4,382,4.2,1,0,1,0,0,1,0,0.24,0.00,0.24,0.24,0.24,0.3,0.3,0.0,0.3,0.08,0.00,0.08,0.08,0.08
370,Tyler Onyango,ENG,MF/FW,Everton,18,2003,3,0,28,0.3,0,0,0,0,0,0,0,0.00,0.00,0.00,0.00,0.00,0.0,0.0,0.0,0.0,0.10,0.00,0.10,0.10,0.10
371,Frank Onyeka,Nigeria,MF,Brentford,23,1998,20,12,1045,11.6,0,0,0,0,0,4,0,0.00,0.00,0.00,0.00,0.00,1.1,1.1,0.2,1.3,0.10,0.02,0.11,0.10,0.11
372,Divock Origi,Belgium,FW,Liverpool,26,1995,7,0,133,1.5,3,0,3,0,0,0,0,2.03,0.00,2.03,2.03,2.03,1.6,1.6,0.0,1.6,1.08,0.00,1.08,1.08,1.08
373,Alex Oxlade-Chamberlain,ENG,MF/FW,Liverpool,27,1993,17,9,785,8.7,2,1,2,0,0,0,0,0.23,0.11,0.34,0.23,0.34,1.2,1.2,0.9,2.1,0.14,0.11,0.24,0.14,0.24
374,Cole Palmer,ENG,FW/MF,Manchester City,19,2002,4,1,123,1.4,0,0,0,0,0,0,0,0.00,0.00,0.00,0.00,0.00,0.3,0.3,0.2,0.5,0.23,0.17,0.39,0.23,0.39
375,Emerson Palmieri,ITA,DF,Chelsea,26,1994,1,0,5,0.1,0,0,0,0,0,0,0,0.00,0.00,0.00,0.00,0.00,0.0,0.0,0.0,0.0,0.00,0.00,0.00,0.00,0.00
376,Thomas Partey,Ghana,MF,Arsenal,28,1993,24,23,2028,22.5,2,1,2,0,0,6,0,0.09,0.04,0.13,0.09,0.13,2.5,2.5,1.3,3.8,0.11,0.06,0.17,0.11,0.17
377,Nicolas Pépé,Ivory Coast,FW/MF,Arsenal,26,1995,20,5,696,7.7,1,2,1,0,0,0,0,0.13,0.26,0.39,0.13,0.39,2.9,2.9,1.7,4.6,0.38,0.22,0.60,0.38,0.60
378,Ricardo Pereira,Portugal,DF,Leicester City,27,1993,14,13,991,11.0,1,3,1,0,0,3,0,0.09,0.27,0.36,0.09,0.36,0.7,0.7,1.3,2.0,0.06,0.12,0.18,0.06,0.18
379,Ayoze Pérez,Spain,MF/FW,Leicester City,28,1993,14,6,445,4.9,2,3,2,0,0,0,1,0.40,0.61,1.01,0.40,1.01,1.5,1.5,0.9,2.4,0.31,0.18,0.49,0.31,0.49
380,Sonny Perkins,ENG,FW,West Ham,17,2004,1,0,4,0.0,0,0,0,0,0,0,0,0.00,0.00,0.00,0.00,0.00,0.0,0.0,0.0,0.0,0.00,0.00,0.00,0.00,0.00
381,Romain Perraud,France,DF,Southampton,23,1997,20,18,1623,18.0,0,1,0,0,0,3,0,0.00,0.06,0.06,0.00,0.06,0.9,0.9,0.6,1.5,0.05,0.03,0.08,0.05,0.08
382,Kalvin Phillips,ENG,MF,Leeds United,25,1995,20,18,1596,17.7,0,1,0,0,0,4,0,0.00,0.06,0.06,0.00,0.06,0.6,0.6,0.2,0.9,0.04,0.01,0.05,0.04,0.05
383,Jaden Philogene Bidace,ENG,FW,Aston Villa,19,2002,1,0,5,0.1,0,0,0,0,0,0,0,0.00,0.00,0.00,0.00,0.00,0.0,0.0,0.0,0.0,0.00,0.00,0.00,0.00,0.00
384,Jordan Pickford,ENG,GK,Everton,27,1994,35,35,3150,35.0,0,0,0,0,0,2,0,0.00,0.00,0.00,0.00,0.00,0.0,0.0,0.1,0.1,0.00,0.00,0.00,0.00,0.00
385,Erik Pieters,Netherlands,DF,Burnley,32,1988,12,8,730,8.1,0,1,0,0,0,1,0,0.00,0.12,0.12,0.00,0.12,0.2,0.2,0.8,1.0,0.02,0.10,0.13,0.02,0.13
386,Ethan Pinnock,JAM,DF,Brentford,28,1993,32,32,2694,29.9,1,1,1,0,0,1,0,0.03,0.03,0.07,0.03,0.07,1.5,1.5,1.2,2.8,0.05,0.04,0.09,0.05,0.09
387,Daniel Podence,Portugal,FW/MF,Wolves,25,1995,26,15,1484,16.5,2,3,2,0,0,2,0,0.12,0.18,0.30,0.12,0.30,1.9,1.9,3.8,5.8,0.12,0.23,0.35,0.12,0.35
388,Paul Pogba,France,MF/FW,Manchester Utd,28,1993,20,16,1349,15.0,1,9,1,0,0,7,1,0.07,0.60,0.67,0.07,0.67,2.4,2.4,3.5,6.0,0.16,0.24,0.40,0.16,0.40
389,Nick Pope,ENG,GK,Burnley,29,1992,36,36,3240,36.0,0,0,0,0,0,1,0,0.00,0.00,0.00,0.00,0.00,0.0,0.0,0.2,0.2,0.00,0.01,0.01,0.00,0.01
390,Isaac Price,NIR,MF,Everton,17,2003,1,0,14,0.2,0,0,0,0,0,0,0,0.00,0.00,0.00,0.00,0.00,0.2,0.2,0.0,0.2,1.03,0.00,1.03,1.03,1.03
391,Teemu Pukki,FIN,FW,Norwich City,31,1990,37,37,3253,36.1,11,3,8,3,3,4,0,0.30,0.08,0.39,0.22,0.30,11.5,9.2,2.8,12.0,0.32,0.08,0.40,0.26,0.33
392,Christian Pulisic,USA,MF/FW,Chelsea,22,1998,22,13,1290,14.3,6,2,6,0,0,2,0,0.42,0.14,0.56,0.42,0.56,5.1,5.1,1.2,6.3,0.35,0.08,0.44,0.35,0.44
393,Przemysław Płacheta,Poland,FW/MF,Norwich City,23,1998,12,6,504,5.6,0,0,0,0,0,1,0,0.00,0.00,0.00,0.00,0.00,0.5,0.5,0.7,1.3,0.10,0.13,0.23,0.10,0.23
394,Jesuran Rak Sakyi,ENG,FW/MF,Crystal Palace,18,2002,2,1,80,0.9,0,0,0,0,0,0,0,0.00,0.00,0.00,0.00,0.00,0.0,0.0,0.0,0.0,0.00,0.00,0.00,0.00,0.00
395,Aaron Ramsdale,ENG,GK,Arsenal,23,1998,34,34,3060,34.0,0,0,0,0,0,1,0,0.00,0.00,0.00,0.00,0.00,0.0,0.0,0.0,0.0,0.00,0.00,0.00,0.00,0.00
396,Jacob Ramsey,ENG,MF,Aston Villa,20,2001,34,29,2467,27.4,6,1,6,0,0,6,0,0.22,0.04,0.26,0.22,0.26,3.8,3.8,2.0,5.8,0.14,0.07,0.21,0.14,0.21
397,Raphinha,Brazil,FW/MF,Leeds United,24,1996,35,34,2915,32.4,11,3,7,4,4,7,0,0.34,0.09,0.43,0.22,0.31,11.2,8.2,6.8,15.0,0.35,0.21,0.56,0.25,0.46
398,Marcus Rashford,ENG,FW/MF,Manchester Utd,23,1997,25,13,1235,13.7,4,2,4,0,0,2,0,0.29,0.15,0.44,0.29,0.44,2.4,2.4,2.0,4.4,0.18,0.14,0.32,0.18,0.32
399,Milot Rashica,KVX,FW/MF,Norwich City,25,1996,31,25,2229,24.8,1,2,1,0,0,0,0,0.04,0.08,0.12,0.04,0.12,2.7,2.7,2.6,5.3,0.11,0.10,0.21,0.11,0.21
400,David Raya,Spain,GK,Brentford,25,1995,24,24,2160,24.0,0,0,0,0,0,1,0,0.00,0.00,0.00,0.00,0.00,0.0,0.0,0.0,0.0,0.00,0.00,0.00,0.00,0.00
401,Nathan Redmond,ENG,MF/FW,Southampton,27,1994,27,20,1833,20.4,1,5,1,0,0,0,0,0.05,0.25,0.29,0.05,0.29,1.9,1.9,4.3,6.3,0.09,0.21,0.31,0.09,0.31
402,Sergio Reguilón,Spain,DF,Tottenham,24,1996,25,22,1916,21.3,2,3,2,0,0,4,0,0.09,0.14,0.23,0.09,0.23,3.0,3.0,4.0,7.0,0.14,0.19,0.33,0.14,0.33
403,Declan Rice,ENG,MF,West Ham,22,1999,36,35,3179,35.3,1,4,1,0,0,8,0,0.03,0.11,0.14,0.03,0.14,1.1,1.1,2.0,3.0,0.03,0.06,0.09,0.03,0.09
404,Taylor Richards,ENG,MF/FW,Brighton,20,2000,2,0,25,0.3,0,0,0,0,0,0,0,0.00,0.00,0.00,0.00,0.00,0.0,0.0,0.0,0.0,0.14,0.00,0.14,0.14,0.14
405,Richarlison,Brazil,FW/MF,Everton,24,1997,30,28,2523,28.0,10,5,7,3,3,9,0,0.36,0.18,0.54,0.25,0.43,10.2,7.9,2.4,10.3,0.36,0.09,0.45,0.28,0.37
406,Jaïro Riedewald,Netherlands,MF,Crystal Palace,24,1996,3,1,118,1.3,0,0,0,0,0,0,0,0.00,0.00,0.00,0.00,0.00,0.0,0.0,0.1,0.1,0.00,0.06,0.06,0.00,0.06
407,Matt Ritchie,Scotland,DF,Newcastle Utd,31,1989,18,14,1337,14.9,0,2,0,0,0,5,0,0.00,0.13,0.13,0.00,0.13,0.4,0.4,1.6,2.1,0.03,0.11,0.14,0.03,0.14
408,Connor Roberts,Wales,DF,Burnley,25,1995,21,19,1692,18.8,1,1,1,0,0,2,0,0.05,0.05,0.11,0.05,0.11,0.2,0.2,1.1,1.3,0.01,0.06,0.07,0.01,0.07
409,Tyler Roberts,Wales,MF/FW,Leeds United,22,1999,23,7,987,11.0,1,1,1,0,0,5,0,0.09,0.09,0.18,0.09,0.18,2.4,2.4,1.2,3.7,0.22,0.11,0.34,0.22,0.34
410,Andrew Robertson,Scotland,DF,Liverpool,27,1994,29,29,2537,28.2,3,10,3,0,0,5,1,0.11,0.35,0.46,0.11,0.46,1.9,1.9,5.2,7.0,0.07,0.18,0.25,0.07,0.25
411,Joe Rodon,Wales,DF,Tottenham,23,1997,3,0,89,1.0,0,0,0,0,0,0,0,0.00,0.00,0.00,0.00,0.00,0.0,0.0,0.0,0.0,0.00,0.00,0.00,0.00,0.00
412,Rodri,Spain,MF,Manchester City,25,1996,33,33,2884,32.0,7,2,7,0,0,5,0,0.22,0.06,0.28,0.22,0.28,2.7,2.7,1.4,4.1,0.08,0.04,0.13,0.08,0.13
413,Rodrigo,Spain,MF/FW,Leeds United,30,1991,31,27,2265,25.2,6,1,5,1,1,9,0,0.24,0.04,0.28,0.20,0.24,4.9,4.1,4.6,8.8,0.19,0.18,0.38,0.16,0.35
414,Jay Rodriguez,ENG,FW,Burnley,32,1989,29,13,1382,15.4,2,2,2,0,0,3,0,0.13,0.13,0.26,0.13,0.26,4.7,4.7,1.9,6.6,0.30,0.12,0.43,0.30,0.43
415,Mads Roerslev,Denmark,DF,Brentford,22,1999,21,12,1240,13.8,1,1,1,0,0,1,0,0.07,0.07,0.15,0.07,0.15,0.3,0.3,0.9,1.2,0.02,0.06,0.08,0.02,0.08
416,Cristian Romero,Argentina,DF,Tottenham,23,1998,22,21,1844,20.5,1,0,1,0,0,8,0,0.05,0.00,0.05,0.05,0.05,0.7,0.7,0.5,1.1,0.03,0.02,0.05,0.03,0.05
417,Oriol Romeu,Spain,MF,Southampton,29,1991,36,34,2889,32.1,2,2,2,0,0,9,0,0.06,0.06,0.12,0.06,0.12,1.3,1.3,2.8,4.1,0.04,0.09,0.13,0.04,0.13
418,Cristiano Ronaldo,Portugal,FW,Manchester Utd,36,1985,30,27,2456,27.3,18,3,15,3,3,8,0,0.66,0.11,0.77,0.55,0.66,16.5,14.2,3.1,17.3,0.61,0.11,0.72,0.52,0.64
419,Salomón Rondón,VEN,FW,Everton,31,1989,20,8,790,8.8,1,1,1,0,0,3,1,0.11,0.11,0.23,0.11,0.23,2.2,2.2,0.7,2.9,0.25,0.09,0.33,0.25,0.33
420,Danny Rose,ENG,DF,Watford,31,1990,8,7,689,7.7,0,0,0,0,0,4,0,0.00,0.00,0.00,0.00,0.00,0.2,0.2,0.8,0.9,0.02,0.10,0.12,0.02,0.12
421,Jon Rowe,ENG,FW/MF,Norwich City,18,2003,13,0,223,2.5,0,1,0,0,0,0,0,0.00,0.40,0.40,0.00,0.40,0.4,0.4,0.3,0.7,0.16,0.14,0.30,0.16,0.30
422,John Ruddy,ENG,GK,Wolves,34,1986,2,1,135,1.5,0,0,0,0,0,0,0,0.00,0.00,0.00,0.00,0.00,0.0,0.0,0.0,0.0,0.00,0.00,0.00,0.00,0.00
423,Antonio Rüdiger,Germany,DF,Chelsea,28,1993,34,34,3035,33.7,3,0,3,0,0,9,0,0.09,0.00,0.09,0.09,0.09,2.8,2.8,1.1,3.9,0.08,0.03,0.12,0.08,0.12
424,Lukas Rupp,Germany,MF,Norwich City,30,1991,19,7,769,8.5,0,0,0,0,0,0,0,0.00,0.00,0.00,0.00,0.00,0.7,0.7,1.2,1.9,0.08,0.14,0.22,0.08,0.22
425,José Sá,Portugal,GK,Wolves,28,1993,37,37,3285,36.5,0,1,0,0,0,3,0,0.00,0.03,0.03,0.00,0.03,0.0,0.0,1.0,1.0,0.00,0.03,0.03,0.00,0.03
426,Allan Saint-Maximin,France,FW/MF,Newcastle Utd,24,1997,35,31,2804,31.2,5,5,5,0,0,6,0,0.16,0.16,0.32,0.16,0.32,5.1,5.1,5.8,10.9,0.16,0.19,0.35,0.16,0.35
427,Romain Saïss,MAR,DF,Wolves,31,1990,31,31,2705,30.1,2,0,2,0,0,6,0,0.07,0.00,0.07,0.07,0.07,2.7,2.7,0.4,3.1,0.09,0.01,0.10,0.09,0.10
428,Bukayo Saka,ENG,FW/MF,Arsenal,19,2001,38,36,2978,33.1,11,7,9,2,2,6,0,0.33,0.21,0.54,0.27,0.48,9.7,8.2,6.9,15.2,0.29,0.21,0.50,0.25,0.46
429,Mohamed Salah,EGY,FW,Liverpool,29,1992,35,30,2762,30.7,23,13,18,5,6,1,0,0.75,0.42,1.17,0.59,1.01,21.8,17.0,10.4,27.4,0.71,0.34,1.05,0.55,0.89
430,Mohammed Salisu,Ghana,DF,Southampton,22,1999,34,33,2972,33.0,0,0,0,0,0,10,1,0.00,0.00,0.00,0.00,0.00,1.8,1.8,0.5,2.3,0.06,0.02,0.07,0.06,0.07
431,Albert Sambi Lokonga,Belgium,MF,Arsenal,21,1999,19,12,1134,12.6,0,0,0,0,0,5,0,0.00,0.00,0.00,0.00,0.00,0.6,0.6,0.8,1.4,0.05,0.06,0.11,0.05,0.11
432,Davinson Sánchez,Colombia,DF,Tottenham,25,1996,23,17,1631,18.1,2,0,2,0,0,4,0,0.11,0.00,0.11,0.11,0.11,2.1,2.1,0.4,2.5,0.11,0.02,0.14,0.11,0.14
433,Robert Sánchez,Spain,GK,Brighton,23,1997,37,37,3329,37.0,0,0,0,0,0,3,1,0.00,0.00,0.00,0.00,0.00,0.0,0.0,0.4,0.4,0.00,0.01,0.01,0.00,0.01
434,Jadon Sancho,ENG,FW/MF,Manchester Utd,21,2000,29,20,1900,21.1,3,3,3,0,0,0,0,0.14,0.14,0.28,0.14,0.28,3.3,3.3,4.2,7.5,0.16,0.20,0.36,0.16,0.36
435,Morgan Sanson,France,MF,Aston Villa,26,1994,10,3,356,4.0,0,0,0,0,0,0,0,0.00,0.00,0.00,0.00,0.00,0.0,0.0,0.0,0.0,0.00,0.00,0.01,0.00,0.01
436,Samir Santos,Brazil,DF,Watford,26,1994,19,19,1673,18.6,0,0,0,0,0,4,0,0.00,0.00,0.00,0.00,0.00,0.3,0.3,0.1,0.5,0.02,0.01,0.02,0.02,0.02
437,Josh Sargent,USA,FW/MF,Norwich City,21,2000,26,18,1572,17.5,2,1,2,0,0,1,0,0.11,0.06,0.17,0.11,0.17,2.7,2.7,0.7,3.5,0.16,0.04,0.20,0.16,0.20
438,Jeremy Sarmiento,ECU,FW/MF,Brighton,19,2002,5,1,48,0.5,0,0,0,0,0,0,0,0.00,0.00,0.00,0.00,0.00,0.0,0.0,0.0,0.0,0.00,0.00,0.00,0.00,0.00
439,Ismaila Sarr,Senegal,FW/MF,Watford,23,1998,22,21,1861,20.7,5,2,5,0,1,2,0,0.24,0.10,0.34,0.24,0.34,4.2,3.5,2.5,6.0,0.20,0.12,0.33,0.17,0.29
440,Malang Sarr,France,DF,Chelsea,22,1999,8,6,546,6.1,0,0,0,0,0,2,0,0.00,0.00,0.00,0.00,0.00,0.0,0.0,0.4,0.4,0.01,0.06,0.07,0.01,0.07
441,Dane Scarlett,ENG,MF,Tottenham,17,2004,1,0,4,0.0,0,0,0,0,0,0,0,0.00,0.00,0.00,0.00,0.00,0.0,0.0,0.0,0.0,0.00,0.00,0.00,0.00,0.00
442,Fabian Schär,SUI,DF,Newcastle Utd,29,1991,25,25,2158,24.0,2,2,2,0,0,4,0,0.08,0.08,0.17,0.08,0.17,1.3,1.3,0.6,2.0,0.06,0.03,0.08,0.06,0.08
443,Jeffrey Schlupp,Ghana,MF/FW,Crystal Palace,28,1992,32,20,1851,20.6,4,1,4,0,0,1,0,0.19,0.05,0.24,0.19,0.24,3.1,3.1,1.8,4.9,0.15,0.09,0.24,0.15,0.24
444,Kasper Schmeichel,Denmark,GK,Leicester City,34,1986,37,37,3330,37.0,0,0,0,0,0,2,0,0.00,0.00,0.00,0.00,0.00,0.0,0.0,0.0,0.0,0.00,0.00,0.00,0.00,0.00
445,Ken Sema,Sweden,MF/FW,Watford,27,1993,18,7,852,9.5,0,0,0,0,0,1,0,0.00,0.00,0.00,0.00,0.00,0.2,0.2,1.2,1.4,0.02,0.13,0.14,0.02,0.14
446,Nélson Semedo,Portugal,DF,Wolves,27,1993,25,25,2131,23.7,0,1,0,0,0,1,0,0.00,0.04,0.04,0.00,0.04,1.4,1.4,1.2,2.6,0.06,0.05,0.11,0.06,0.11
447,Ryan Sessegnon,ENG,DF,Tottenham,21,2000,15,13,1047,11.6,0,2,0,0,0,2,0,0.00,0.17,0.17,0.00,0.17,0.4,0.4,2.9,3.3,0.03,0.25,0.28,0.03,0.28
448,Jamie Shackleton,ENG,DF/MF,Leeds United,21,1999,14,7,709,7.9,0,0,0,0,0,4,0,0.00,0.00,0.00,0.00,0.00,0.2,0.2,0.0,0.2,0.02,0.01,0.03,0.02,0.03
449,Luke Shaw,ENG,DF,Manchester Utd,26,1995,20,19,1601,17.8,0,3,0,0,0,8,0,0.00,0.17,0.17,0.00,0.17,0.2,0.2,3.2,3.4,0.01,0.18,0.19,0.01,0.19
450,Jonjo Shelvey,ENG,MF,Newcastle Utd,29,1992,24,22,1983,22.0,2,1,2,0,0,7,1,0.09,0.05,0.14,0.09,0.14,0.9,0.9,0.8,1.7,0.04,0.04,0.08,0.04,0.08
451,Shola Shoretire,ENG,FW,Manchester Utd,17,2004,1,0,16,0.2,0,0,0,0,0,0,0,0.00,0.00,0.00,0.00,0.00,0.0,0.0,0.0,0.0,0.00,0.00,0.00,0.00,0.00
452,Francisco Sierralta,CHI,DF,Watford,24,1997,5,5,427,4.7,0,0,0,0,0,0,0,0.00,0.00,0.00,0.00,0.00,0.0,0.0,0.0,0.0,0.01,0.00,0.01,0.01,0.01
453,Bernardo Silva,Portugal,MF/FW,Manchester City,26,1994,35,33,2857,31.7,8,4,8,0,0,6,0,0.25,0.13,0.38,0.25,0.38,6.8,6.8,5.2,12.0,0.21,0.16,0.38,0.21,0.38
454,Fábio Silva,Portugal,FW,Wolves,19,2002,22,6,572,6.4,0,0,0,0,0,0,0,0.00,0.00,0.00,0.00,0.00,2.3,2.3,0.2,2.4,0.36,0.02,0.38,0.36,0.38
455,Thiago Silva,Brazil,DF,Chelsea,36,1984,32,28,2650,29.4,3,0,3,0,0,2,0,0.10,0.00,0.10,0.10,0.10,0.9,0.9,0.2,1.1,0.03,0.01,0.04,0.03,0.04
456,Ellis Simms,ENG,FW,Everton,20,2001,1,1,61,0.7,0,0,0,0,0,0,0,0.00,0.00,0.00,0.00,0.00,0.0,0.0,0.0,0.0,0.00,0.00,0.00,0.00,0.00
457,Moussa Sissoko,France,MF,Watford,31,1989,36,36,3220,35.8,2,1,2,0,0,5,0,0.06,0.03,0.08,0.06,0.08,3.4,3.4,2.8,6.2,0.10,0.08,0.17,0.10,0.17
458,Oliver Skipp,ENG,MF,Tottenham,20,2000,18,14,1350,15.0,0,0,0,0,0,6,0,0.00,0.00,0.00,0.00,0.00,0.2,0.2,0.9,1.1,0.01,0.06,0.07,0.01,0.07
459,William Smallbone,Ireland,MF/FW,Southampton,21,2000,4,2,133,1.5,0,0,0,0,0,0,0,0.00,0.00,0.00,0.00,0.00,0.1,0.1,0.1,0.2,0.05,0.06,0.12,0.05,0.12
460,Emile Smith Rowe,ENG,MF/FW,Arsenal,21,2000,33,21,1921,21.3,10,2,10,0,0,1,0,0.47,0.09,0.56,0.47,0.56,5.8,5.8,2.2,8.0,0.27,0.10,0.37,0.27,0.37
461,Cédric Soares,Portugal,DF,Arsenal,29,1991,21,16,1486,16.5,1,1,1,0,0,3,0,0.06,0.06,0.12,0.06,0.12,0.5,0.5,1.4,2.0,0.03,0.09,0.12,0.03,0.12
462,Tomáš Souček,CZE,MF,West Ham,26,1995,35,34,3062,34.0,5,1,5,0,0,3,0,0.15,0.03,0.18,0.15,0.18,4.8,4.4,1.5,5.9,0.14,0.05,0.19,0.13,0.17
463,Boubakary Soumaré,France,MF,Leicester City,22,1999,19,12,1102,12.2,0,1,0,0,0,0,0,0.00,0.08,0.08,0.00,0.08,0.4,0.4,0.4,0.8,0.03,0.03,0.06,0.03,0.06
464,Çağlar Söyüncü,TUR,DF,Leicester City,25,1996,28,28,2497,27.7,1,0,1,0,0,5,0,0.04,0.00,0.04,0.04,0.04,1.4,1.4,0.1,1.5,0.05,0.00,0.05,0.05,0.05
465,Tony Springett,ENG,FW/MF,Norwich City,18,2002,3,1,141,1.6,0,0,0,0,0,1,0,0.00,0.00,0.00,0.00,0.00,0.3,0.3,0.4,0.6,0.17,0.22,0.40,0.17,0.40
466,Jason Steele,ENG,GK,Brighton,30,1990,1,1,90,1.0,0,0,0,0,0,0,0,0.00,0.00,0.00,0.00,0.00,0.0,0.0,0.0,0.0,0.00,0.00,0.00,0.00,0.00
467,Jed Steer,ENG,GK,Aston Villa,28,1992,1,1,90,1.0,0,0,0,0,0,0,0,0.00,0.00,0.00,0.00,0.00,0.0,0.0,0.0,0.0,0.00,0.00,0.00,0.00,0.00
468,Zack Steffen,USA,GK,Manchester City,26,1995,1,1,90,1.0,0,0,0,0,0,0,0,0.00,0.00,0.00,0.00,0.00,0.0,0.0,0.0,0.0,0.00,0.00,0.00,0.00,0.00
469,Dale Stephens,ENG,MF,Burnley,32,1989,3,1,124,1.4,0,0,0,0,0,1,0,0.00,0.00,0.00,0.00,0.00,0.0,0.0,0.0,0.1,0.02,0.03,0.06,0.02,0.06
470,Jack Stephens,ENG,DF,Southampton,27,1994,11,9,811,9.0,0,0,0,0,0,3,0,0.00,0.00,0.00,0.00,0.00,0.0,0.0,0.3,0.3,0.00,0.03,0.03,0.00,0.03
471,Raheem Sterling,ENG,FW,Manchester City,26,1994,30,23,2128,23.6,13,5,11,2,3,1,0,0.55,0.21,0.76,0.47,0.68,14.4,12.0,4.6,16.6,0.61,0.20,0.81,0.51,0.70
472,Finley Stevens,Wales,DF,Brentford,18,2003,1,0,15,0.2,0,0,0,0,0,0,0,0.00,0.00,0.00,0.00,0.00,0.0,0.0,0.0,0.0,0.00,0.25,0.25,0.00,0.25
473,John Stones,ENG,DF,Manchester City,27,1994,14,12,1119,12.4,1,0,1,0,0,0,0,0.08,0.00,0.08,0.08,0.08,1.0,1.0,0.1,1.1,0.08,0.01,0.09,0.08,0.09
474,Pascal Struijk,Netherlands,DF,Leeds United,21,1999,29,22,2055,22.8,1,0,1,0,0,6,1,0.04,0.00,0.04,0.04,0.04,1.3,1.3,0.3,1.6,0.06,0.01,0.07,0.06,0.07
475,Crysencio Summerville,Netherlands,MF/FW,Leeds United,19,2001,6,0,130,1.4,0,0,0,0,0,0,0,0.00,0.00,0.00,0.00,0.00,0.3,0.3,0.1,0.3,0.18,0.03,0.21,0.18,0.21
476,Jakob Sørensen,Denmark,MF/DF,Norwich City,23,1998,10,6,604,6.7,0,0,0,0,0,0,0,0.00,0.00,0.00,0.00,0.00,0.4,0.4,0.0,0.4,0.06,0.00,0.06,0.06,0.06
477,Japhet Tanganga,ENG,DF,Tottenham,22,1999,11,10,735,8.2,0,0,0,0,0,4,1,0.00,0.00,0.00,0.00,0.00,0.4,0.4,0.4,0.7,0.05,0.05,0.09,0.05,0.09
478,Matt Targett,ENG,DF,Aston Villa,25,1995,17,17,1431,15.9,1,1,1,0,0,2,0,0.06,0.06,0.13,0.06,0.13,0.5,0.5,2.2,2.7,0.03,0.14,0.17,0.03,0.17
479,Matt Targett,ENG,DF,Newcastle Utd,25,1995,16,16,1440,16.0,0,0,0,0,0,1,0,0.00,0.00,0.00,0.00,0.00,0.3,0.3,1.6,1.9,0.02,0.10,0.12,0.02,0.12
480,James Tarkowski,ENG,DF,Burnley,28,1992,35,35,3106,34.5,1,2,1,0,0,11,0,0.03,0.06,0.09,0.03,0.09,2.0,2.0,0.6,2.6,0.06,0.02,0.08,0.06,0.08
481,Nuno Tavares,Portugal,DF,Arsenal,21,2000,22,13,1176,13.1,1,1,1,0,0,2,0,0.08,0.08,0.15,0.08,0.15,1.5,1.5,1.0,2.5,0.11,0.08,0.19,0.11,0.19
482,Charlie Taylor,ENG,DF,Burnley,27,1993,31,30,2731,30.3,0,3,0,0,0,3,0,0.00,0.10,0.10,0.00,0.10,0.2,0.2,3.5,3.7,0.01,0.11,0.12,0.01,0.12
483,Nathan Tella,ENG,MF/FW,Southampton,22,1999,14,10,804,8.9,0,1,0,0,0,2,0,0.00,0.11,0.11,0.00,0.11,0.5,0.5,0.7,1.3,0.06,0.08,0.14,0.06,0.14
484,Alex Telles,Brazil,DF,Manchester Utd,28,1992,21,18,1660,18.4,0,4,0,0,0,1,0,0.00,0.22,0.22,0.00,0.22,0.5,0.5,2.0,2.4,0.03,0.11,0.13,0.03,0.13
485,Luke Thomas,ENG,DF,Leicester City,20,2001,22,21,1912,21.2,0,1,0,0,0,2,0,0.00,0.05,0.05,0.00,0.05,0.2,0.2,1.6,1.8,0.01,0.07,0.08,0.01,0.08
486,Dominic Thompson,ENG,DF,Brentford,21,2000,2,2,146,1.6,0,0,0,0,0,0,0,0.00,0.00,0.00,0.00,0.00,0.0,0.0,0.0,0.0,0.01,0.00,0.01,0.01,0.01
487,Youri Tielemans,Belgium,MF,Leicester City,24,1997,32,29,2631,29.2,6,4,4,2,2,3,0,0.21,0.14,0.34,0.14,0.27,4.6,3.1,4.9,7.9,0.16,0.17,0.32,0.11,0.27
488,Kieran Tierney,Scotland,DF,Arsenal,24,1997,22,22,1915,21.3,1,3,1,0,0,0,0,0.05,0.14,0.19,0.05,0.19,0.7,0.7,1.9,2.6,0.03,0.09,0.12,0.03,0.12
489,Takehiro Tomiyasu,JPN,DF,Arsenal,22,1998,21,20,1679,18.7,0,1,0,0,0,2,0,0.00,0.05,0.05,0.00,0.05,0.8,0.8,0.6,1.4,0.04,0.03,0.08,0.04,0.08
490,James Tomkins,ENG,DF,Crystal Palace,32,1989,8,6,547,6.1,1,0,1,0,0,2,0,0.16,0.00,0.16,0.16,0.16,0.6,0.6,0.4,0.9,0.09,0.06,0.15,0.09,0.15
491,Ivan Toney,ENG,FW,Brentford,25,1996,33,32,2909,32.3,12,5,7,5,5,8,0,0.37,0.15,0.53,0.22,0.37,12.0,8.2,5.8,14.0,0.37,0.18,0.55,0.25,0.43
492,Ferrán Torres,Spain,FW,Manchester City,21,2000,4,4,303,3.4,2,1,2,0,0,0,0,0.59,0.30,0.89,0.59,0.89,2.5,2.5,0.0,2.5,0.74,0.01,0.75,0.74,0.75
493,Cenk Tosun,TUR,FW,Everton,30,1991,1,0,7,0.1,0,0,0,0,0,0,0,0.00,0.00,0.00,0.00,0.00,0.0,0.0,0.0,0.0,0.00,0.00,0.00,0.00,0.00
494,Andros Townsend,ENG,MF,Everton,30,1991,21,17,1455,16.2,3,2,2,1,1,3,0,0.19,0.12,0.31,0.12,0.25,2.3,1.5,2.4,3.9,0.14,0.15,0.29,0.09,0.24
495,Adama Traoré,Spain,FW,Wolves,25,1996,20,10,1067,11.9,1,0,1,0,0,0,0,0.08,0.00,0.08,0.08,0.08,2.4,2.4,1.7,4.1,0.20,0.15,0.35,0.20,0.35
496,Bertrand Traoré,BFA,MF/FW,Aston Villa,25,1995,9,1,220,2.4,0,0,0,0,0,0,0,0.00,0.00,0.00,0.00,0.00,0.3,0.3,0.0,0.3,0.13,0.00,0.13,0.13,0.13
497,Trézéguet,EGY,FW,Aston Villa,26,1994,1,0,11,0.1,0,0,0,0,0,0,0,0.00,0.00,0.00,0.00,0.00,0.1,0.1,0.0,0.1,0.51,0.00,0.51,0.51,0.51
498,Francisco Trincão,Portugal,FW/MF,Wolves,21,1999,28,16,1336,14.8,2,1,2,0,0,0,0,0.13,0.07,0.20,0.13,0.20,3.4,3.4,1.2,4.6,0.23,0.08,0.31,0.23,0.31
499,Kieran Trippier,ENG,DF,Newcastle Utd,30,1990,6,5,429,4.8,2,0,2,0,0,0,0,0.42,0.00,0.42,0.42,0.42,0.1,0.1,0.4,0.6,0.03,0.09,0.12,0.03,0.12
500,William Troost-Ekong,Nigeria,DF,Watford,27,1993,17,15,1390,15.4,0,0,0,0,0,3,0,0.00,0.00,0.00,0.00,0.00,0.1,0.1,0.1,0.2,0.01,0.01,0.01,0.01,0.01
501,Leandro Trossard,Belgium,FW/MF,Brighton,26,1994,34,32,2805,31.2,8,3,7,1,1,2,0,0.26,0.10,0.35,0.22,0.32,6.8,6.0,4.1,10.1,0.22,0.13,0.35,0.19,0.32
502,Kostas Tsimikas,GRE,DF,Liverpool,25,1996,13,9,877,9.7,0,2,0,0,0,3,0,0.00,0.21,0.21,0.00,0.21,0.5,0.5,2.6,3.1,0.06,0.26,0.32,0.06,0.32
503,Axel Tuanzebe,ENG,DF,Aston Villa,23,1997,9,6,508,5.6,0,0,0,0,0,1,0,0.00,0.00,0.00,0.00,0.00,0.2,0.2,0.0,0.2,0.03,0.00,0.03,0.03,0.03
504,Ozan Tufan,TUR,MF,Watford,26,1995,7,4,334,3.7,0,0,0,0,0,0,0,0.00,0.00,0.00,0.00,0.00,0.5,0.5,0.2,0.8,0.14,0.07,0.20,0.14,0.20
505,Christos Tzolis,GRE,FW/MF,Norwich City,19,2002,14,3,336,3.7,0,0,0,0,0,0,0,0.00,0.00,0.00,0.00,0.00,0.5,0.5,1.0,1.4,0.13,0.26,0.38,0.13,0.38
506,Yan Valery,France,DF,Southampton,22,1999,5,3,370,4.1,0,0,0,0,0,0,0,0.00,0.00,0.00,0.00,0.00,0.0,0.0,0.1,0.1,0.01,0.02,0.03,0.01,0.03
507,Virgil van Dijk,Netherlands,DF,Liverpool,30,1991,34,34,3060,34.0,3,1,3,0,0,3,0,0.09,0.03,0.12,0.09,0.12,2.4,2.4,0.4,2.8,0.07,0.01,0.08,0.07,0.08
508,Raphaël Varane,France,DF,Manchester Utd,28,1993,22,20,1831,20.3,1,1,1,0,0,0,0,0.05,0.05,0.10,0.05,0.10,0.8,0.8,0.2,1.0,0.04,0.01,0.05,0.04,0.05
509,Jamie Vardy,ENG,FW,Leicester City,34,1987,25,20,1806,20.1,15,2,15,0,0,2,0,0.75,0.10,0.85,0.75,0.85,9.5,9.5,1.6,11.1,0.47,0.08,0.55,0.47,0.55
510,Joël Veltman,Netherlands,DF,Brighton,29,1992,34,33,2874,31.9,1,1,1,0,0,6,0,0.03,0.03,0.06,0.03,0.06,0.9,0.9,1.1,2.0,0.03,0.03,0.06,0.03,0.06
511,Jannik Vestergaard,Denmark,DF,Leicester City,28,1992,10,6,567,6.3,0,0,0,0,0,2,0,0.00,0.00,0.00,0.00,0.00,0.1,0.1,0.0,0.1,0.01,0.01,0.01,0.01,0.01
512,Nikola Vlašić,CRO,FW/MF,West Ham,23,1997,19,6,560,6.2,1,0,1,0,0,0,0,0.16,0.00,0.16,0.16,0.16,1.0,1.0,0.4,1.4,0.16,0.07,0.23,0.16,0.23
513,Matěj Vydra,CZE,FW,Burnley,29,1992,22,5,679,7.5,2,3,2,0,0,1,0,0.27,0.40,0.66,0.27,0.66,3.0,3.0,0.6,3.6,0.40,0.08,0.48,0.40,0.48
514,Theo Walcott,ENG,MF/FW,Southampton,32,1989,9,5,379,4.2,0,0,0,0,0,0,0,0.00,0.00,0.00,0.00,0.00,0.7,0.7,0.0,0.7,0.17,0.01,0.18,0.17,0.18
515,Kyle Walker,ENG,DF,Manchester City,31,1990,20,20,1755,19.5,0,2,0,0,0,1,0,0.00,0.10,0.10,0.00,0.10,0.3,0.3,1.2,1.4,0.01,0.06,0.07,0.01,0.07
516,Kyle Walker-Peters,ENG,DF,Southampton,24,1997,32,29,2633,29.3,1,2,1,0,0,5,0,0.03,0.07,0.10,0.03,0.10,1.0,1.0,2.9,3.8,0.03,0.10,0.13,0.03,0.13
517,Aaron Wan-Bissaka,ENG,DF,Manchester Utd,23,1997,20,20,1793,19.9,0,0,0,0,0,2,0,0.00,0.00,0.00,0.00,0.00,0.2,0.2,0.9,1.1,0.01,0.05,0.06,0.01,0.06
518,Danny Ward,Wales,GK,Leicester City,28,1993,1,1,90,1.0,0,0,0,0,0,0,0,0.00,0.00,0.00,0.00,0.00,0.0,0.0,0.0,0.0,0.00,0.00,0.00,0.00,0.00
519,Joel Ward,ENG,DF,Crystal Palace,31,1989,28,27,2487,27.6,0,0,0,0,0,8,0,0.00,0.00,0.00,0.00,0.00,0.4,0.4,0.6,1.0,0.01,0.02,0.03,0.01,0.03
520,James Ward-Prowse,ENG,MF,Southampton,26,1994,36,36,3215,35.7,10,5,6,4,4,3,1,0.28,0.14,0.42,0.17,0.31,5.4,2.3,6.2,8.5,0.15,0.17,0.32,0.07,0.24
521,Ollie Watkins,ENG,FW,Aston Villa,25,1995,35,33,2952,32.8,11,2,10,1,1,7,0,0.34,0.06,0.40,0.30,0.37,12.2,11.4,2.9,14.3,0.37,0.09,0.46,0.35,0.44
522,Adam Webster,ENG,DF,Brighton,26,1995,22,16,1434,15.9,2,0,2,0,0,5,0,0.13,0.00,0.13,0.13,0.13,1.1,1.1,0.1,1.2,0.07,0.00,0.08,0.07,0.08
523,Wout Weghorst,Netherlands,FW,Burnley,28,1992,20,17,1450,16.1,2,3,2,0,0,3,0,0.12,0.19,0.31,0.12,0.31,4.2,4.2,1.4,5.7,0.26,0.09,0.35,0.26,0.35
524,Danny Welbeck,ENG,FW,Brighton,30,1990,25,15,1478,16.4,6,2,6,0,0,0,0,0.37,0.12,0.49,0.37,0.49,6.1,6.1,1.0,7.1,0.37,0.06,0.44,0.37,0.44
525,Timo Werner,Germany,FW/MF,Chelsea,25,1996,21,15,1283,14.3,4,1,4,0,0,1,0,0.28,0.07,0.35,0.28,0.35,7.6,7.6,0.4,8.0,0.53,0.03,0.56,0.53,0.56
526,Ashley Westwood,ENG,MF,Burnley,31,1990,27,26,2287,25.4,0,3,0,0,0,7,0,0.00,0.12,0.12,0.00,0.12,0.8,0.8,3.6,4.3,0.03,0.14,0.17,0.03,0.17
527,Ben White,ENG,DF,Arsenal,23,1997,32,32,2880,32.0,0,0,0,0,0,3,0,0.00,0.00,0.00,0.00,0.00,1.0,1.0,0.6,1.6,0.03,0.02,0.05,0.03,0.05
528,Brandon Williams,ENG,DF,Norwich City,20,2000,26,23,2120,23.6,0,1,0,0,0,8,0,0.00,0.04,0.04,0.00,0.04,0.2,0.2,1.3,1.5,0.01,0.05,0.06,0.01,0.06
529,Neco Williams,Wales,DF,Liverpool,20,2001,1,0,8,0.1,0,1,0,0,0,0,0,0.00,11.25,11.25,0.00,11.25,0.0,0.0,0.6,0.6,0.00,6.50,6.50,0.00,6.50
530,Joe Willock,ENG,MF,Newcastle Utd,21,1999,29,24,2038,22.6,2,0,2,0,0,0,0,0.09,0.00,0.09,0.09,0.09,3.6,3.6,1.2,4.8,0.16,0.05,0.21,0.16,0.21
531,Callum Wilson,ENG,FW,Newcastle Utd,29,1992,18,16,1386,15.4,8,0,6,2,2,4,0,0.52,0.00,0.52,0.39,0.39,6.5,5.0,0.6,5.5,0.42,0.04,0.46,0.32,0.36
532,Harry Winks,ENG,MF,Tottenham,25,1996,19,9,912,10.1,0,1,0,0,0,2,0,0.00,0.10,0.10,0.00,0.10,0.1,0.1,1.5,1.6,0.01,0.15,0.16,0.01,0.16
533,Yoane Wissa,COD,FW/MF,Brentford,24,1996,30,12,1284,14.3,7,1,7,0,0,0,0,0.49,0.07,0.56,0.49,0.56,3.7,3.7,0.7,4.4,0.26,0.05,0.31,0.26,0.31
534,Chris Wood,NZL,FW,Burnley,29,1991,17,17,1367,15.2,3,0,3,0,0,1,0,0.20,0.00,0.20,0.20,0.20,4.5,4.5,0.2,4.7,0.30,0.02,0.31,0.30,0.31
535,Chris Wood,NZL,FW,Newcastle Utd,29,1991,17,15,1327,14.7,2,0,1,1,1,0,0,0.14,0.00,0.14,0.07,0.07,2.9,2.1,1.0,3.1,0.19,0.07,0.26,0.14,0.21
536,Freddie Woodman,ENG,GK,Newcastle Utd,24,1997,4,4,360,4.0,0,0,0,0,0,0,0,0.00,0.00,0.00,0.00,0.00,0.0,0.0,0.0,0.0,0.00,0.00,0.00,0.00,0.00
537,Granit Xhaka,SUI,MF/DF,Arsenal,28,1992,27,27,2327,25.9,1,2,1,0,0,10,1,0.04,0.08,0.12,0.04,0.12,1.2,1.2,2.3,3.5,0.05,0.09,0.14,0.05,0.14
538,Andriy Yarmolenko,UKR,FW,West Ham,31,1989,19,1,316,3.5,1,0,1,0,0,1,0,0.28,0.00,0.28,0.28,0.28,0.8,0.8,0.2,1.0,0.24,0.05,0.29,0.24,0.29
539,Ashley Young,ENG,DFFW,Aston Villa,36,1985,24,10,1250,13.9,0,2,0,0,0,2,0,0.00,0.14,0.14,0.00,0.14,0.4,0.4,0.7,1.1,0.03,0.05,0.08,0.03,0.08
540,Nathan Young-Coombes,ENG,FW,Brentford,18,2003,1,0,4,0.0,0,0,0,0,0,0,0,0.00,0.00,0.00,0.00,0.00,0.0,0.0,0.0,0.0,0.00,0.00,0.00,0.00,0.00
541,Wilfried Zaha,Ivory Coast,FW,Crystal Palace,28,1992,33,31,2760,30.7,14,1,9,5,7,6,1,0.46,0.03,0.49,0.29,0.33,9.4,4.0,4.8,8.8,0.31,0.16,0.46,0.13,0.29
542,Christoph Zimmermann,Germany,DF,Norwich City,28,1993,3,2,157,1.7,0,0,0,0,0,0,0,0.00,0.00,0.00,0.00,0.00,0.1,0.1,0.0,0.1,0.04,0.00,0.04,0.04,0.04
543,Oleksandr Zinchenko,UKR,DF,Manchester City,24,1996,15,10,1047,11.6,0,4,0,0,0,0,0,0.00,0.34,0.34,0.00,0.34,0.4,0.4,2.0,2.5,0.04,0.18,0.21,0.04,0.21
544,Hakim Ziyech,MAR,FW/MF,Chelsea,28,1993,23,14,1319,14.7,4,3,4,0,0,3,0,0.27,0.20,0.48,0.27,0.48,3.4,3.4,3.5,6.9,0.23,0.24,0.47,0.23,0.47
545,Kurt Zouma,France,DF,West Ham,26,1994,24,24,2078,23.1,1,0,1,0,0,1,0,0.04,0.00,0.04,0.04,0.04,0.9,0.9,0.0,0.9,0.04,0.00,0.04,0.04,0.04
546,Martin Ødegaard,Norway,MF,Arsenal,22,1998,36,32,2785,30.9,7,4,7,0,0,4,0,0.23,0.13,0.36,0.23,0.36,4.8,4.8,6.8,11.6,0.16,0.22,0.38,0.16,0.38
